,order_id,date,time,order_type,branch_code,order_items,order_price,customer_lat,customer_lon,customerHasloyalty?,distance_to_customer_KM,delivery_fee
0,ORDC06762,2018-07-01,13:54:55,Lunch,NS,"[('Burger', 7), ('Steak', 2), ('Salad', 4)]",375.8,-37.80390870000001,144.957357,0,5.38,12.765431474765771
1,ORDK08784,2018-02-05,09:10:59,Breakfast,BK,"[('Cereal', 10), ('Pancake', 8)]",404.0,-37.8149457,144.9647656,0,7.655,11.595205927123883
2,ORDZ03927,2018-08-07,15:16:03,Lunch,NS,"[('Steak', 2), ('Fries', 7), ('Chicken', 7)]",398.0,-37.8031344,144.9619252,0,7.09,12.35981145034016
3,ORDZ06176,2018-12-20,19:39:43,Dinner,NS,"[('Pasta', 2), ('Salmon', 9)]",424.0,-37.8129112,144.933698,0,8.905,14.997308066715895
4,ORDJ05346,2018-08-24,15:46:28,Lunch,TP,"[('Salad', 10), ('Fries', 10), ('Burger', 3)]",385.0,-37.8033534,144.9518514,0,9.815,12.773021632070185
5,ORDY09472,2018-08-13,15:26:11,Lunch,TP,"[('Burger', 4), ('Fries', 4), ('Steak', 2), ('Salad', 10), ('Chicken', 10)]",754.0,-37.8103404,144.9870615,0,9.991,12.903306343039226
6,ORDA04697,2018-01-03,08:00:00,Breakfast,BK,"[('Cereal', 8), ('Eggs', 3), ('Pancake', 7)]",403.75,-37.8127591,144.9413676,1,9.707,6.708429441481364
7,ORDZ08208,2018-08-23,15:46:28,Lunch,NS,"[('Burger', 8), ('Steak', 7)]",563.0,-37.8230066,144.9876456,0,9.434,14.588943738138486
8,ORDJ09871,2018-09-12,16:27:02,Dinner,TP,"[('Pasta', 6), ('Salmon', 9), ('Shrimp', 1), ('Fish&Chips', 1)]",623.0,-37.806620200000005,144.9418071,0,10.29,14.457230148966604
9,ORDJ07359,2018-07-25,14:45:38,Lunch,TP,"[('Fries', 10), ('Steak', 7), ('Chicken', 1), ('Salad', 9)]",621.8,-37.8094861,144.9554003,0,8.92,12.110494266631031
10,ORDB09259,2018-04-21,11:32:57,Breakfast,TP,"[('Coffee', 4), ('Pancake', 8)]",224.0,-37.8038433,144.9533741,0,9.64,12.371427000734592
11,ORDY00406,2018-10-03,17:07:36,Dinner,TP,"[('Salmon', 9), ('Pasta', 6), ('Shrimp', 10)]",1074.0,-37.8022093,144.9632001,0,9.531,13.895377332912618
12,ORDB07088,2018-03-30,10:52:23,Breakfast,TP,"[('Eggs', 9), ('Coffee', 1)]",205.5,-37.8010955,144.9567447,0,9.616,11.29312323010249
13,ORDI03168,2018-01-11,08:10:08,Breakfast,NS,"[('Eggs', 4), ('Pancake', 4)]",185.0,-37.80647329999999,144.9571825,1,8.217,6.260071066876129
14,ORDC08014,2018-03-05,10:01:41,Breakfast,NS,"[('Eggs', 2), ('Pancake', 2), ('Coffee', 7)]",145.0,-37.792201399999996,144.93664209999997,0,10.03,14.244296074783982
15,ORDC05506,2018-05-06,12:03:22,Lunch,NS,"[('Burger', 2), ('Salad', 8), ('Fries', 1), ('Steak', 6)]",481.6,-37.7995189,144.9745144,0,6.502999999999999,13.833398863501913
16,ORDC04758,2018-07-24,14:45:38,Lunch,NS,"[('Steak', 8), ('Fries', 3), ('Chicken', 9)]",684.0,-37.80026420000001,144.9635872,0,6.727,12.014600264132486
17,ORDI02580,2018-07-05,14:05:04,Lunch,NS,"[('Steak', 3), ('Salad', 10)]",307.0,-37.8206326,144.9484857,0,9.72,14.86092830908999
18,ORDB02700,2018-09-11,16:27:02,Dinner,TP,"[('Salmon', 9), ('Shrimp', 10)]",909.0,-37.8079843,144.96887230000002,0,9.113999999999999,13.586691398400742
19,ORDX00666,2018-08-23,15:46:28,Lunch,BK,"[('Burger', 8), ('Steak', 3), ('Chicken', 10)]",703.0,-37.8115889,144.9485114,0,8.89,14.302884252644313
20,ORDK03933,2018-11-02,18:08:27,Dinner,BK,"[('Shrimp', 6), ('Pasta', 10)]",599.0,-37.8045777,144.9752311,0,6.848,14.101421868474736
21,ORDA09892,2018-04-11,11:12:40,Breakfast,BK,"[('Eggs', 5), ('Pancake', 5), ('Coffee', 5)]",268.75,-37.8317585,144.9649035,0,9.093,12.871783388379368
22,ORDX09368,2018-10-13,17:27:53,Dinner,BK,"[('Salmon', 7), ('Fish&Chips', 3)]",392.0,-37.8116975,144.9704856,0,7.046,16.66231864906166
23,ORDZ03066,2018-08-08,15:16:03,Lunch,NS,"[('Salad', 3), ('Chicken', 2), ('Fries', 7), ('Steak', 5)]",424.6,-37.800588899999994,144.9653899,0,6.559,11.854833103573561
24,ORDC07865,2018-03-23,10:42:15,Breakfast,NS,"[('Cereal', 5), ('Coffee', 4), ('Pancake', 10), ('Eggs', 3)]",443.5,-37.8202215,144.98516730000003,0,9.158999999999999,13.415979426886224
25,ORDI05379,2018-03-13,10:21:58,Breakfast,NS,"[('Pancake', 6), ('Coffee', 10)]",220.5,-37.821922,144.97379850000002,0,9.138,13.39600853181636
26,ORDB07837,2018-06-22,13:44:47,Lunch,TP,"[('Salad', 8), ('Fries', 9), ('Steak', 3), ('Chicken', 2), ('Burger', 1)]",475.6,-37.823141,144.9707969,0,8.029,11.450927917350263
27,ORDB03776,2018-12-24,19:49:51,Dinner,TP,"[('Salmon', 9), ('Shrimp', 2), ('Fish&Chips', 5), ('Pasta', 8)]",872.0,-37.821451700000004,144.93409619999997,0,10.083,14.303997562770062
28,ORDI00102,2018-08-16,15:26:11,Lunch,NS,"[('Chicken', 4), ('Burger', 10), ('Salad', 4), ('Fries', 3)]",542.8,-37.8112366,145.00735930000002,0,10.09,15.212796460320954
29,ORDX08710,2018-04-22,11:43:05,Breakfast,BK,"[('Coffee', 3), ('Cereal', 10), ('Eggs', 6)]",364.5,-37.8188629,144.9531155,0,8.818,15.012776734213968
30,ORDX08953,2018-11-08,18:18:35,Dinner,BK,"[('Salmon', 10), ('Fish&Chips', 7), ('Shrimp', 3)]",817.0,-37.803262,145.0004241,0,5.322,12.746722837963004
31,ORDA10900,2018-04-11,11:12:40,Breakfast,BK,"[('Cereal', 5), ('Eggs', 1)]",127.0,-37.7882593,144.9292392,0,12.082,15.525253507776204
32,ORDY03794,2018-05-31,12:54:05,Lunch,TP,"[('Salad', 8), ('Burger', 9), ('Steak', 2), ('Fries', 3)]",542.6,-37.801930299999995,144.9572928,0,9.502,12.541322117676382
33,ORDZ02908,2018-06-16,13:24:30,Lunch,NS,"[('Steak', 3), ('Salad', 6), ('Burger', 9), ('Chicken', 9), ('Fries', 8)]",901.2,-37.8128426,145.0105729,0,10.63,17.75815524223216
34,ORDI00831,2018-01-22,08:40:33,Breakfast,NS,"[('Cereal', 6), ('Coffee', 5), ('Pancake', 7), ('Eggs', 2)]",377.25,-37.812621899999996,144.972486,0,7.629,11.96095707179602
35,ORDI08265,2018-04-06,11:02:32,Breakfast,NS,"[('Cereal', 8), ('Coffee', 8)]",228.0,-37.80453920000001,144.95608719999998,0,7.817,12.139744132421484
36,ORDY05003,2018-05-02,11:53:14,Breakfast,TP,"[('Eggs', 7), ('Coffee', 9), ('Cereal', 3), ('Pancake', 9)]",502.75,-37.809304,144.9728542,0,9.09,10.903749605274562
37,ORDX10845,2018-09-12,16:27:02,Dinner,BK,"[('Salmon', 3), ('Fish&Chips', 7), ('Shrimp', 3)]",530.0,-37.7997424,144.9920191,0,5.885,13.246523332181946
38,ORDX03658,2018-07-29,14:55:46,Lunch,BK,"[('Burger', 1), ('Steak', 3), ('Salad', 5), ('Fries', 7)]",336.0,-37.812822499999996,144.9479064,0,10.357000000000001,17.990329571710525
39,ORDY09444,2018-04-27,11:53:14,Breakfast,TP,"[('Coffee', 9), ('Cereal', 2)]",109.5,-37.800230799999994,144.9873905,0,10.880999999999998,12.229544590192466
40,ORDZ10903,2018-03-20,10:32:06,Breakfast,NS,"[('Pancake', 5), ('Coffee', 6), ('Eggs', 9)]",364.25,-37.8120093,144.9591772,0,7.984,12.298560297977083
41,ORDB04139,2018-11-30,18:59:09,Dinner,TP,"[('Shrimp', 10), ('Pasta', 1), ('Salmon', 8)]",895.5,-37.8026132,145.0024608,0,11.895,15.6453378825195
42,ORDX03839,2018-02-27,09:51:32,Breakfast,BK,"[('Coffee', 4), ('Pancake', 6)]",175.5,-37.8063974,144.93179469999998,0,10.419,14.048933397854178
43,ORDY08319,2018-05-18,12:33:48,Lunch,TP,"[('Steak', 1), ('Salad', 9)]",199.8,-37.8009979,144.9566807,0,9.625,12.63237336454679
44,ORDB06002,2018-04-06,11:02:32,Breakfast,TP,"[('Coffee', 7), ('Cereal', 3)]",115.5,-37.824155,144.9842071,0,8.814,10.699439490345839
45,ORDB04447,2018-05-31,12:54:05,Lunch,TP,"[('Salad', 4), ('Burger', 2), ('Fries', 7)]",214.8,-37.79935089999999,144.9594941,0,9.895,12.832241955237931
46,ORDY05992,2018-01-11,08:20:16,Breakfast,TP,"[('Coffee', 6), ('Pancake', 6), ('Eggs', 9), ('Cereal', 9)]",577.5,-37.8141982,144.96322759999998,1,8.016,5.054358383373788
47,ORDK09691,2018-09-12,16:27:02,Dinner,BK,"[('Pasta', 9), ('Salmon', 5)]",452.5,-37.8039352,144.91783940000002,0,11.612,18.330639549574276
48,ORDX00999,2018-07-13,14:25:21,Lunch,BK,"[('Salad', 2), ('Fries', 8), ('Chicken', 2), ('Steak', 8)]",554.4,-37.8178416,145.00778880000001,0,4.0680000000000005,10.022177355444066
49,ORDA02814,2018-04-30,11:53:14,Breakfast,BK,"[('Coffee', 9), ('Cereal', 5), ('Eggs', 1)]",194.5,-37.822179799999994,144.9509976,0,8.974,12.7661417208624
50,ORDZ05458,2018-10-18,17:38:01,Dinner,NS,"[('Pasta', 1), ('Fish&Chips', 7)]",272.5,-37.801020799999996,144.9504061,0,7.994,14.130951618685062
51,ORDZ06988,2018-07-31,14:55:46,Lunch,NS,"[('Chicken', 5), ('Steak', 9), ('Salad', 3)]",616.6,-37.8089494,144.936611,0,10.09,15.212796460320954
52,ORDX02479,2018-08-12,15:26:11,Lunch,BK,"[('Salad', 4), ('Chicken', 5), ('Burger', 4), ('Fries', 7)]",436.8,-37.7997277,144.9630097,0,8.129,16.012433477359185
53,ORDX09936,2018-08-15,15:26:11,Lunch,BK,"[('Burger', 7), ('Steak', 3), ('Chicken', 8)]",608.0,-37.8081096,144.9768225,0,6.211,11.92461511585471
54,ORDB05953,2018-09-24,16:47:19,Dinner,TP,"[('Pasta', 6), ('Salmon', 8), ('Shrimp', 10), ('Fish&Chips', 9)]",1348.0,-37.8160008,144.9652756,0,7.851,12.651750546389957
55,ORDC09916,2018-09-07,16:16:54,Dinner,NS,"[('Shrimp', 4), ('Fish&Chips', 6)]",426.0,-37.8204562,144.97687380000002,0,8.883,14.976386176642704
56,ORDX00500,2018-12-23,19:49:51,Dinner,BK,"[('Shrimp', 5), ('Pasta', 6)]",435.0,-37.818581200000004,145.00491269999998,0,4.402,14.315120590953523
57,ORDC04553,2018-06-17,13:34:38,Lunch,NS,"[('Chicken', 2), ('Fries', 7)]",148.0,-37.800044299999996,144.9605432,0,7.0,14.3060433801554
58,ORDI05230,2018-08-17,15:36:20,Lunch,NS,"[('Fries', 9), ('Chicken', 1), ('Burger', 5)]",295.0,-37.8223921,144.9701332,0,8.955,14.133417131544887
59,ORDJ01628,2018-09-01,16:06:45,Dinner,TP,"[('Salmon', 2), ('Pasta', 8), ('Shrimp', 3), ('Fish&Chips', 7)]",709.0,-37.8164028,144.9552605,0,8.425,14.137194038800311
60,ORDA01799,2018-01-09,08:10:08,Breakfast,BK,"[('Eggs', 4), ('Pancake', 9)]",306.25,-37.810646500000004,144.9680408,1,7.117000000000001,5.558799530267279
61,ORDB08778,2018-03-19,10:32:06,Breakfast,TP,"[('Pancake', 5), ('Coffee', 1), ('Eggs', 3)]",194.75,-37.812515600000005,144.95686750000002,0,8.552,10.505492931971473
62,ORDB00416,2018-08-12,15:26:11,Lunch,TP,"[('Burger', 2), ('Chicken', 7), ('Fries', 1)]",298.0,-37.7994886,144.9777918,0,10.255,14.159271083174565
63,ORDC03199,2018-01-08,08:10:08,Breakfast,NS,"[('Coffee', 10), ('Pancake', 4), ('Cereal', 3)]",235.0,-37.817493,144.9799953,1,8.535,6.41127927240511
64,ORDK06710,2018-06-07,13:14:21,Lunch,BK,"[('Salad', 8), ('Steak', 1)]",182.6,-37.8036459,144.9490246,0,8.877,14.291343566276913
65,ORDJ10594,2018-07-23,14:45:38,Lunch,TP,"[('Burger', 6), ('Chicken', 6), ('Salad', 8)]",515.6,-37.82510070000001,145.0134021,0,11.620999999999999,14.109920427582043
66,ORDZ05314,2018-08-22,15:46:28,Lunch,NS,"[('Fries', 4), ('Steak', 6)]",318.0,-37.820425,144.9766646,0,8.636000000000001,13.830049725483597
67,ORDC04678,2018-05-11,12:13:31,Lunch,NS,"[('Burger', 9), ('Fries', 8), ('Salad', 7), ('Chicken', 1)]",527.4,-37.8117735,145.0020003,0,9.746,14.88565417917649
68,ORDC04026,2018-02-28,09:51:32,Breakfast,NS,"[('Cereal', 8), ('Pancake', 9)]",386.25,-37.823853899999996,144.9982226,0,10.389000000000001,14.585703280978352
69,ORDJ05237,2018-09-24,16:47:19,Dinner,TP,"[('Pasta', 6), ('Shrimp', 9), ('Salmon', 7)]",938.0,-37.8018316,144.9688686,0,9.787,14.084882367049405
70,ORDB01984,2018-03-20,10:32:06,Breakfast,TP,"[('Pancake', 7), ('Eggs', 7)]",323.75,-37.8100277,144.95852309999998,0,8.792,10.683153901474709
71,ORDA07050,2018-01-15,08:20:16,Breakfast,BK,"[('Pancake', 2), ('Coffee', 3), ('Eggs', 6)]",203.0,-37.818102200000006,144.94857290000002,1,9.169,6.4696260081867
72,ORDY08601,2018-01-02,08:00:00,Breakfast,TP,"[('Pancake', 5), ('Cereal', 9)]",310.25,-37.80431779999999,144.9385969,1,10.642999999999999,6.026682064384212
73,ORDI01069,2018-09-02,16:06:45,Dinner,NS,"[('Fish&Chips', 3), ('Shrimp', 4), ('Salmon', 10)]",731.0,-37.8119041,144.93608740000002,0,10.005,18.075224050490185
74,ORDX09102,2018-04-22,11:43:05,Breakfast,BK,"[('Eggs', 2), ('Coffee', 9), ('Cereal', 4)]",195.5,-37.8192605,144.95282759999998,0,8.849,15.040296832474692
75,ORDY07058,2018-05-20,12:33:48,Lunch,TP,"[('Chicken', 3), ('Steak', 6), ('Salad', 3)]",417.6,-37.7991687,144.9729061,0,10.235,14.144466002382627
76,ORDK07168,2018-08-17,15:36:20,Lunch,BK,"[('Fries', 7), ('Salad', 10), ('Chicken', 5)]",416.0,-37.81888729999999,144.9549446,0,8.618,14.061417584034096
77,ORDB02558,2018-11-18,18:38:52,Dinner,TP,"[('Fish&Chips', 4), ('Pasta', 3), ('Salmon', 4)]",386.5,-37.81535170000001,144.9911839,0,10.169,15.428197083857166
78,ORDJ01138,2018-10-02,17:07:36,Dinner,TP,"[('Salmon', 10), ('Shrimp', 9)]",896.0,-37.8019634,144.9633802,0,9.548,13.907961651585763
79,ORDY05516,2018-11-01,17:58:18,Dinner,TP,"[('Salmon', 7), ('Pasta', 3)]",369.5,-37.81724570000001,144.99709009999998,0,10.419,14.552722920074594
80,ORDI00848,2018-04-15,11:22:49,Breakfast,NS,"[('Eggs', 10), ('Coffee', 7), ('Cereal', 3)]",335.5,-37.81340529999999,145.0119362,0,10.802999999999999,17.011236692470362
81,ORDX10544,2018-01-30,08:50:42,Breakfast,BK,"[('Eggs', 2), ('Coffee', 5)]",81.5,-37.82292879999999,144.9763588,0,7.347,11.321780434727021
82,ORDJ09204,2018-02-08,09:10:59,Breakfast,TP,"[('Pancake', 2), ('Cereal', 2)]",90.5,-37.8215657,144.9805243,0,8.702,10.616531037910995
83,ORDY01314,2018-10-16,17:27:53,Dinner,TP,"[('Fish&Chips', 9), ('Salmon', 8), ('Shrimp', 2)]",751.0,-37.8218911,144.9917074,0,9.684,14.00863620097093
84,ORDZ06244,2018-05-31,12:54:05,Lunch,NS,"[('Steak', 3), ('Chicken', 1)]",167.0,-37.8052737,144.9953084,0,8.66,13.852873605563444
85,ORDI05667,2018-09-17,16:37:10,Dinner,NS,"[('Shrimp', 4), ('Pasta', 7)]",408.5,-37.8113012,144.9517314,0,8.592,14.699646630674568
86,ORDJ02746,2018-02-19,09:31:16,Breakfast,TP,"[('Cereal', 10), ('Pancake', 9), ('Eggs', 3), ('Coffee', 3)]",516.75,-37.8073389,144.9465888,0,9.867,11.478926994041291
87,ORDB02390,2018-10-03,17:07:36,Dinner,TP,"[('Salmon', 2), ('Fish&Chips', 6)]",292.0,-37.82437279999999,144.95251059999998,0,8.304,12.98708562632732
88,ORDZ01115,2018-08-18,15:36:20,Lunch,NS,"[('Steak', 6), ('Salad', 5), ('Fries', 8), ('Burger', 5)]",607.0,-37.8135834,144.9657896,0,7.854,15.118193112996599
89,ORDJ00228,2018-04-19,11:32:57,Breakfast,TP,"[('Coffee', 3), ('Eggs', 7)]",176.5,-37.814134100000004,144.9673044,0,8.204,10.247884526191779
90,ORDY11105,2018-09-05,16:06:45,Dinner,TP,"[('Shrimp', 6), ('Pasta', 2)]",379.0,-37.8149881,144.92750149999998,0,11.812000000000001,15.583896797232965
91,ORDY09133,2018-11-14,18:28:43,Dinner,TP,"[('Pasta', 2), ('Shrimp', 6), ('Fish&Chips', 8), ('Salmon', 8)]",987.0,-37.80642720000001,144.9445756,0,10.08,14.301776800651272
92,ORDJ03000,2018-11-29,18:59:09,Dinner,TP,"[('Shrimp', 1), ('Pasta', 1), ('Salmon', 6)]",327.5,-37.8350501,144.961502,0,9.232000000000001,13.674041375073168
93,ORDA04593,2018-02-25,09:51:32,Breakfast,BK,"[('Coffee', 7), ('Pancake', 5), ('Cereal', 1)]",194.75,-37.8023815,144.99146159999998,0,5.789,12.32379681060975
94,ORDB05349,2018-10-10,17:17:44,Dinner,TP,"[('Fish&Chips', 4), ('Salmon', 4)]",304.0,-37.8123057,144.9533594,0,9.013,13.511925740401464
95,ORDZ05771,2018-04-20,11:32:57,Breakfast,NS,"[('Cereal', 6), ('Coffee', 6), ('Pancake', 8)]",365.0,-37.8024434,144.9445601,0,8.683,12.963305805302607
96,ORDX01318,2018-04-29,11:53:14,Breakfast,BK,"[('Coffee', 4), ('Cereal', 6)]",156.0,-37.80843370000001,144.94543190000002,0,9.172,15.327038501449325
97,ORDB07436,2018-12-22,19:49:51,Dinner,TP,"[('Fish&Chips', 1), ('Pasta', 9), ('Salmon', 10), ('Shrimp', 10)]",1232.5,-37.811807,144.9734053,0,8.8,14.414789303649119
98,ORDJ02534,2018-07-14,14:25:21,Lunch,TP,"[('Burger', 3), ('Chicken', 1), ('Steak', 4)]",305.0,-37.822184299999996,144.947702,0,8.878,13.139941270649741
99,ORDY05104,2018-05-16,12:23:39,Lunch,TP,"[('Burger', 2), ('Fries', 4)]",110.0,-37.7988492,144.9596313,0,9.94,12.865553387019787
100,ORDJ08336,2018-08-29,15:56:37,Lunch,TP,"[('Steak', 8), ('Chicken', 7)]",584.0,-37.8173643,144.94601469999998,0,9.356,12.433245027895245
101,ORDB00458,2018-02-02,09:00:50,Breakfast,TP,"[('Cereal', 10), ('Pancake', 1)]",234.25,-37.816001299999996,144.9395197,0,10.235,11.751340480612921
102,ORDA02092,2018-09-27,16:57:27,Dinner,BK,"[('Fish&Chips', 3), ('Shrimp', 7)]",483.0,-37.7988116,144.94891819999998,0,9.021,16.03049198204092
103,ORDY02457,2018-06-01,12:54:05,Lunch,TP,"[('Fries', 5), ('Steak', 9), ('Chicken', 9)]",753.0,-37.8059761,144.986674,0,10.232000000000001,13.081707566582061
104,ORDJ06833,2018-07-13,14:25:21,Lunch,TP,"[('Salad', 6), ('Fries', 5), ('Burger', 3), ('Steak', 2)]",346.2,-37.816716299999996,145.0071935,0,11.431,13.969272160058647
105,ORDB01102,2018-03-13,10:21:58,Breakfast,TP,"[('Eggs', 5), ('Cereal', 8), ('Coffee', 7)]",330.5,-37.825303000000005,144.9715978,0,8.271,10.297481546844766
106,ORDK02520,2018-09-09,16:16:54,Dinner,BK,"[('Shrimp', 10), ('Pasta', 7), ('Salmon', 3), ('Fish&Chips', 4)]",995.5,-37.8156223,144.969886,0,7.183,16.783939728471957
107,ORDZ08633,2018-10-02,17:07:36,Dinner,NS,"[('Pasta', 6), ('Fish&Chips', 3)]",270.0,-37.8139718,144.9847561,0,8.567,14.675871755591395
108,ORDA03728,2018-10-24,17:48:10,Dinner,BK,"[('Pasta', 4), ('Salmon', 5)]",315.0,-37.82015379999999,144.9669628,0,7.845,14.986503738343805
109,ORDK05444,2018-12-23,19:49:51,Dinner,BK,"[('Fish&Chips', 3), ('Shrimp', 6)]",429.0,-37.816492,144.94597119999997,0,9.254,18.622459841309308
110,ORDI11008,2018-07-18,14:35:29,Lunch,NS,"[('Burger', 4), ('Chicken', 10), ('Fries', 10)]",564.0,-37.811325,144.9269538,0,10.257,15.371612625876551
111,ORDZ02024,2018-11-29,18:59:09,Dinner,NS,"[('Salmon', 1), ('Shrimp', 7), ('Pasta', 10)]",694.0,-37.8048342,144.96692009999998,0,6.827999999999999,13.02209144480586
112,ORDI03276,2018-12-09,19:19:26,Dinner,NS,"[('Fish&Chips', 9), ('Shrimp', 10), ('Pasta', 10), ('Salmon', 10)]",1540.0,-37.8211591,144.947382,0,9.839,17.917358879937915
113,ORDK10268,2018-07-25,14:45:38,Lunch,BK,"[('Steak', 9), ('Burger', 1), ('Fries', 6), ('Chicken', 1)]",540.0,-37.8001731,144.9684564,0,7.712999999999999,13.258008263842012
114,ORDJ01363,2018-10-27,17:58:18,Dinner,TP,"[('Salmon', 9), ('Pasta', 4), ('Fish&Chips', 1)]",514.0,-37.818618799999996,144.9991809,0,10.517000000000001,15.68580548963686
115,ORDB06238,2018-12-16,19:39:43,Dinner,TP,"[('Pasta', 9), ('Shrimp', 10), ('Salmon', 10)]",1197.5,-37.8239148,144.9475744,0,8.757,14.382958379946455
116,ORDB05734,2018-11-06,18:18:35,Dinner,TP,"[('Shrimp', 7), ('Salmon', 7), ('Fish&Chips', 4)]",805.0,-37.80739570000001,144.9709222,0,9.317,13.736962968438897
117,ORDC00919,2018-06-11,13:14:21,Lunch,NS,"[('Fries', 6), ('Salad', 5), ('Burger', 5), ('Chicken', 3)]",409.0,-37.8142214,144.9593697,0,8.257,13.46962261922269
118,ORDY10649,2018-08-29,15:56:37,Lunch,TP,"[('Chicken', 5), ('Fries', 1)]",172.0,-37.8206992,144.9548043,0,8.224,11.595277455071644
119,ORDB07425,2018-10-26,17:48:10,Dinner,TP,"[('Salmon', 6), ('Shrimp', 1)]",300.0,-37.8204451,144.9911925,0,9.741,14.050830681227948
120,ORDZ04681,2018-10-21,17:38:01,Dinner,NS,"[('Fish&Chips', 5), ('Shrimp', 9)]",661.0,-37.819206799999996,144.96361869999998,0,8.762,16.89313726135481
121,ORDX10912,2018-02-03,09:00:50,Breakfast,BK,"[('Eggs', 2), ('Coffee', 2), ('Pancake', 2)]",107.5,-37.809377600000005,144.9564824,0,8.112,14.386028689953626
122,ORDC06266,2018-02-27,09:51:32,Breakfast,NS,"[('Eggs', 6), ('Pancake', 2)]",180.5,-37.8094878,144.9722515,0,7.212000000000001,11.564392155408692
123,ORDX03409,2018-05-22,12:33:48,Lunch,BK,"[('Salad', 4), ('Burger', 4), ('Fries', 3)]",228.8,-37.808546299999996,144.95879440000002,0,7.843999999999999,13.374302872621197
124,ORDY07856,2018-04-20,11:32:57,Breakfast,TP,"[('Cereal', 6), ('Coffee', 6), ('Eggs', 5), ('Pancake', 4)]",378.0,-37.82107620000001,144.9550144,0,8.186,10.234559953479035
125,ORDX08012,2018-09-06,16:16:54,Dinner,BK,"[('Salmon', 8), ('Pasta', 3)]",410.5,-37.8242646,144.96312700000001,0,8.449,15.522701781875316
126,ORDY03093,2018-07-02,14:05:04,Lunch,TP,"[('Steak', 7), ('Chicken', 2)]",379.0,-37.81307279999999,144.96353009999999,0,8.171,11.556043990973013
127,ORDJ02025,2018-04-04,11:02:32,Breakfast,TP,"[('Eggs', 2), ('Pancake', 8), ('Coffee', 3)]",260.5,-37.8094801,144.9479139,0,9.655,11.321993137646764
128,ORDB06362,2018-05-24,12:43:56,Lunch,TP,"[('Steak', 9), ('Fries', 7)]",489.0,-37.8187211,144.97710569999998,0,8.548,11.835119763901014
129,ORDK01344,2018-07-21,14:35:29,Lunch,BK,"[('Burger', 2), ('Steak', 6), ('Fries', 8)]",428.0,-37.8219099,145.0114199,0,4.71,12.977232962732964
130,ORDB02649,2018-09-17,16:37:10,Dinner,TP,"[('Salmon', 6), ('Shrimp', 1), ('Pasta', 4)]",410.0,-37.819491799999994,145.00845769999998,0,11.345,15.23819816074125
131,ORDI03109,2018-10-06,17:07:36,Dinner,NS,"[('Pasta', 2), ('Fish&Chips', 5)]",230.0,-37.801565999999994,144.9386085,0,11.899000000000001,19.876408586791392
132,ORDK05960,2018-12-28,20:00:00,Dinner,BK,"[('Pasta', 2), ('Fish&Chips', 10), ('Salmon', 4)]",569.0,-37.8150052,144.95929950000001,0,11.28,18.03590817465298
133,ORDY07683,2018-12-17,19:39:43,Dinner,TP,"[('Fish&Chips', 5), ('Shrimp', 4), ('Salmon', 3)]",514.0,-37.8056528,144.95108290000002,0,9.637,13.97384426110988
134,ORDJ06356,2018-02-17,09:31:16,Breakfast,TP,"[('Cereal', 8), ('Eggs', 3), ('Coffee', 7), ('Pancake', 7)]",456.25,-37.826185100000004,144.9852008,0,9.144,12.004260997094567
135,ORDX02602,2018-05-26,12:43:56,Lunch,BK,"[('Burger', 8), ('Chicken', 6), ('Salad', 1), ('Steak', 10), ('Fries', 9)]",1015.2,-37.808329799999996,144.9764632,0,6.237,14.332819738349881
136,ORDZ01465,2018-10-01,17:07:36,Dinner,NS,"[('Salmon', 9), ('Fish&Chips', 6), ('Shrimp', 1)]",633.0,-37.808659000000006,144.9588428,0,7.757999999999999,13.906516797899906
137,ORDA09534,2018-12-19,19:39:43,Dinner,BK,"[('Salmon', 8), ('Pasta', 8), ('Shrimp', 10)]",1088.0,-37.8149849,144.92759009999997,0,11.845,18.537484159082293
138,ORDJ05991,2018-10-22,17:48:10,Dinner,TP,"[('Salmon', 9), ('Pasta', 5), ('Shrimp', 5)]",776.5,-37.8125335,144.9376384,0,10.425,14.557164444312175
139,ORDK05552,2018-05-09,12:13:31,Lunch,BK,"[('Salad', 1), ('Burger', 3), ('Steak', 4)]",290.2,-37.8166047,144.9872906,0,5.86,11.61301658393491
140,ORDI04935,2018-03-16,10:21:58,Breakfast,NS,"[('Pancake', 9), ('Eggs', 3), ('Cereal', 1)]",305.25,-37.8011582,144.9576924,0,7.3629999999999995,11.707992400911056
141,ORDI10553,2018-01-20,08:30:25,Breakfast,NS,"[('Eggs', 2), ('Cereal', 5), ('Coffee', 6)]",194.0,-37.8007619,144.9728253,0,6.351,12.777406937658865
142,ORDC07110,2018-01-17,08:30:25,Breakfast,NS,"[('Coffee', 2), ('Cereal', 1), ('Eggs', 6)]",168.0,-37.805356200000006,144.9703744,1,6.702000000000001,5.539692351855979
143,ORDX06918,2018-07-23,14:45:38,Lunch,BK,"[('Chicken', 1), ('Fries', 10)]",152.0,-37.8116662,144.9902029,0,5.147,10.980054323938273
144,ORDK08228,2018-05-31,12:54:05,Lunch,BK,"[('Steak', 6), ('Salad', 3), ('Chicken', 9), ('Fries', 5), ('Burger', 5)]",824.6,-37.805639500000005,144.9867365,0,5.749,11.514476877259415
145,ORDX10491,2018-09-19,16:37:10,Dinner,BK,"[('Pasta', 9), ('Salmon', 2), ('Fish&Chips', 8)]",609.5,-37.8255049,144.92891569999998,0,15.239,21.550491046078896
146,ORDZ03382,2018-03-12,10:11:49,Breakfast,NS,"[('Eggs', 1), ('Cereal', 3), ('Coffee', 1)]",92.5,-37.8163696,144.98524650000002,0,8.783999999999999,13.059356300638626
147,ORDC06289,2018-08-13,15:26:11,Lunch,NS,"[('Fries', 3), ('Burger', 10), ('Chicken', 5), ('Salad', 2), ('Steak', 6)]",810.4,-37.80522070000001,144.9419912,0,9.203,14.369263892369966
148,ORDC08156,2018-06-14,13:24:30,Lunch,NS,"[('Chicken', 5), ('Salad', 3), ('Burger', 6)]",397.6,-37.804544299999996,144.9535055,0,8.062999999999999,13.285129588577263
149,ORDB07146,2018-09-19,16:37:10,Dinner,TP,"[('Pasta', 1), ('Fish&Chips', 10), ('Salmon', 7)]",664.5,-37.8069078,144.95601069999998,0,9.262,13.696248996261073
150,ORDI05909,2018-03-14,10:21:58,Breakfast,NS,"[('Pancake', 3), ('Cereal', 5), ('Eggs', 9)]",375.75,-37.813179600000005,144.95153249999998,0,8.572,12.857745359933316
151,ORDX10638,2018-05-07,12:03:22,Lunch,BK,"[('Salad', 7), ('Steak', 2)]",210.4,-37.8233577,144.97629880000002,0,7.364,12.94818522213258
152,ORDX03734,2018-01-13,08:20:16,Breakfast,BK,"[('Eggs', 2), ('Pancake', 8), ('Cereal', 3), ('Coffee', 1)]",308.5,-37.821389,144.94507119999997,1,9.559,7.835297928577886
153,ORDA07172,2018-10-26,17:48:10,Dinner,BK,"[('Pasta', 8), ('Salmon', 4), ('Fish&Chips', 2), ('Shrimp', 6)]",778.0,-37.8067615,144.9979966,0,4.648,12.148382637068568
154,ORDA05571,2018-06-10,13:14:21,Lunch,BK,"[('Chicken', 9), ('Salad', 10), ('Steak', 6), ('Fries', 5), ('Burger', 1)]",821.0,-37.814442299999996,144.94745269999999,0,8.94,16.73239475766391
155,ORDK02498,2018-07-23,14:45:38,Lunch,BK,"[('Burger', 10), ('Steak', 8), ('Fries', 3), ('Chicken', 1), ('Salad', 10)]",910.0,-37.823957799999995,144.98264740000002,0,6.8420000000000005,12.484782277226207
156,ORDA10994,2018-09-15,16:27:02,Dinner,BK,"[('Salmon', 6), ('Fish&Chips', 6), ('Shrimp', 8)]",888.0,-37.8173417,144.946281,0,9.362,18.718336312669244
157,ORDZ05895,2018-01-29,08:50:42,Breakfast,NS,"[('Cereal', 5), ('Coffee', 9)]",172.5,-37.8249499,144.9333453,0,11.259,15.41306893387278
158,ORDC08960,2018-10-18,17:38:01,Dinner,NS,"[('Fish&Chips', 3), ('Salmon', 9)]",474.0,-37.8237721,144.9825385,0,9.238,15.313989402823765
159,ORDC04307,2018-01-21,08:30:25,Breakfast,NS,"[('Eggs', 4), ('Pancake', 2)]",136.5,-37.8026458,144.9676549,0,6.631,13.043685538590406
160,ORDY06751,2018-10-18,17:38:01,Dinner,TP,"[('Salmon', 2), ('Shrimp', 10)]",622.0,-37.801818,144.95128200000002,0,10.051,14.280309433502964
161,ORDK07543,2018-12-12,19:29:34,Dinner,BK,"[('Shrimp', 2), ('Pasta', 5)]",245.5,-37.8209552,144.9569539,0,8.469,15.540456683979007
162,ORDI07258,2018-06-22,13:34:38,Lunch,NS,"[('Burger', 2), ('Chicken', 2)]",126.0,-37.8122832,144.9624112,0,7.841,13.074008697838686
163,ORDB10441,2018-01-28,08:50:42,Breakfast,TP,"[('Cereal', 10), ('Coffee', 4), ('Pancake', 4)]",337.0,-37.8238589,144.956348,0,7.979,11.141865040964271
164,ORDK00134,2018-03-03,10:01:41,Breakfast,BK,"[('Cereal', 6), ('Coffee', 9), ('Pancake', 2)]",242.0,-37.82369310000001,144.9306191,0,11.866,17.718623814816695
165,ORDY08088,2018-04-24,11:43:05,Breakfast,TP,"[('Coffee', 9), ('Pancake', 1)]",91.75,-37.819175,144.95316269999998,0,8.536,10.493648867337924
166,ORDX08541,2018-03-07,10:01:41,Breakfast,BK,"[('Eggs', 7), ('Pancake', 8), ('Coffee', 6), ('Cereal', 7)]",540.0,-37.813204600000006,144.95135269999997,0,8.562000000000001,12.400390737526337
167,ORDI02069,2018-08-26,15:46:28,Lunch,NS,"[('Burger', 1), ('Fries', 3), ('Chicken', 5), ('Salad', 10)]",399.0,-37.8121117,144.9382965,0,10.329,17.471905746230753
168,ORDK06513,2018-01-13,08:20:16,Breakfast,BK,"[('Pancake', 1), ('Cereal', 5), ('Coffee', 1)]",136.75,-37.817017299999996,144.93568630000001,1,10.195,8.117600872026596
169,ORDA01501,2018-01-31,08:50:42,Breakfast,BK,"[('Coffee', 2), ('Pancake', 9), ('Cereal', 1)]",254.25,-37.801138200000004,144.9830508,0,6.466,10.539676997059367
170,ORDX07714,2018-03-26,10:42:15,Breakfast,BK,"[('Cereal', 5), ('Eggs', 8), ('Pancake', 5), ('Coffee', 4)]",432.25,-37.801382200000006,144.9743946,0,7.162000000000001,11.157547590267864
171,ORDX01101,2018-10-10,17:17:44,Dinner,BK,"[('Pasta', 4), ('Salmon', 3), ('Shrimp', 9), ('Fish&Chips', 4)]",859.0,-37.8197652,144.99895990000002,0,5.0280000000000005,12.485725777038725
172,ORDA00568,2018-07-11,14:15:12,Lunch,BK,"[('Steak', 3), ('Salad', 6), ('Fries', 2)]",262.2,-37.8094889,144.9679925,0,7.0760000000000005,12.692514631839408
173,ORDI10738,2018-10-24,17:48:10,Dinner,NS,"[('Shrimp', 8), ('Salmon', 2), ('Fish&Chips', 7)]",759.0,-37.8116263,145.0067582,0,10.093,16.127090130668293
174,ORDI00268,2018-09-11,16:27:02,Dinner,NS,"[('Salmon', 5), ('Shrimp', 2), ('Fish&Chips', 10), ('Pasta', 2)]",718.0,-37.80850220000001,144.9680061,0,7.0360000000000005,13.219898405497862
175,ORDZ04636,2018-04-12,11:12:40,Breakfast,NS,"[('Coffee', 6), ('Eggs', 3)]",111.0,-37.8240744,144.98875769999998,0,9.576,13.812544343273556
176,ORDK00007,2018-06-30,13:54:55,Lunch,BK,"[('Burger', 7), ('Salad', 3), ('Chicken', 8)]",524.6,-37.80555,144.9353969,0,10.042,17.710689863577365
177,ORDX07893,2018-09-22,16:47:19,Dinner,BK,"[('Shrimp', 8), ('Fish&Chips', 5), ('Salmon', 4)]",771.0,-37.7997691,144.9718105,0,7.544,17.104415711443604
178,ORDJ01553,2018-12-30,20:00:00,Dinner,TP,"[('Pasta', 4), ('Salmon', 8)]",438.0,-37.8062743,144.9595865,0,8.969,14.53989223634098
179,ORDJ06283,2018-06-11,13:14:21,Lunch,TP,"[('Steak', 1), ('Fries', 9), ('Burger', 9), ('Chicken', 3), ('Salad', 9)]",682.8,-37.824154799999995,144.94391230000002,0,9.136000000000001,12.270389139183946
180,ORDB10986,2018-12-11,19:19:26,Dinner,TP,"[('Fish&Chips', 10), ('Pasta', 10), ('Salmon', 9), ('Shrimp', 6)]",1318.0,-37.8067098,144.9089836,0,12.954,16.429266910452533
181,ORDZ04187,2018-08-07,15:16:03,Lunch,NS,"[('Steak', 1), ('Salad', 2), ('Fries', 2)]",103.4,-37.8031344,144.9619252,0,7.09,12.35981145034016
182,ORDJ09270,2018-10-28,17:58:18,Dinner,TP,"[('Shrimp', 6), ('Pasta', 1), ('Fish&Chips', 8)]",631.5,-37.819649299999995,144.96165369999997,0,7.9270000000000005,13.768547527081093
183,ORDI05118,2018-11-11,18:28:43,Dinner,NS,"[('Pasta', 10), ('Salmon', 4), ('Shrimp', 3)]",601.0,-37.8031229,144.9616008,0,7.165,15.374398241041698
184,ORDC01041,2018-07-15,14:25:21,Lunch,NS,"[('Fries', 1), ('Burger', 1), ('Chicken', 8)]",299.0,-37.8049263,144.96613390000002,0,6.881,14.192874974759494
185,ORDX07131,2018-07-05,14:05:04,Lunch,BK,"[('Chicken', 2), ('Salad', 3), ('Burger', 4), ('Steak', 9)]",644.6,-37.82325529999999,144.9376745,0,10.382,15.627399949579766
186,ORDA01215,2018-11-19,18:38:52,Dinner,BK,"[('Shrimp', 3), ('Fish&Chips', 2)]",232.0,-37.819154299999994,144.95059990000001,0,9.146,16.141460120189
187,ORDA05172,2018-12-22,19:49:51,Dinner,BK,"[('Pasta', 5), ('Salmon', 1), ('Fish&Chips', 3), ('Shrimp', 3)]",445.5,-37.8182245,144.94780459999998,0,9.217,18.589613272417477
188,ORDA10193,2018-05-30,12:54:05,Lunch,BK,"[('Chicken', 3), ('Steak', 6), ('Salad', 3)]",417.6,-37.817384600000004,144.95267230000002,0,8.741,14.170610231971803
189,ORDI09662,2018-11-09,18:18:35,Dinner,NS,"[('Salmon', 9), ('Fish&Chips', 10), ('Shrimp', 1)]",773.0,-37.8122321,144.9898339,0,8.79,14.8879436413333
190,ORDK01338,2018-01-24,08:40:33,Breakfast,BK,"[('Cereal', 3), ('Pancake', 1), ('Eggs', 4)]",175.25,-37.808218100000005,145.00962880000003,0,3.64,8.030909329807626
191,ORDY04687,2018-04-25,11:43:05,Breakfast,TP,"[('Eggs', 9), ('Coffee', 3), ('Cereal', 1)]",241.5,-37.8188756,144.9531207,0,8.531,10.48994759713994
192,ORDA00575,2018-06-01,12:54:05,Lunch,BK,"[('Steak', 7), ('Burger', 2), ('Salad', 10), ('Chicken', 7), ('Fries', 4)]",821.0,-37.8029343,144.94896599999998,0,8.798,14.221211702967327
193,ORDX00848,2018-12-11,19:29:34,Dinner,BK,"[('Shrimp', 4), ('Pasta', 3)]",298.5,-37.8153198,144.9365331,0,10.05,16.943981695275895
194,ORDA09505,2018-09-25,16:47:19,Dinner,BK,"[('Fish&Chips', 6), ('Salmon', 7), ('Pasta', 5)]",634.5,-37.8016961,144.9436348,0,9.347999999999999,16.32078463143629
195,ORDC08740,2018-05-30,12:54:05,Lunch,NS,"[('Salad', 2), ('Chicken', 9), ('Steak', 8)]",682.4,-37.817473,144.9904157,0,9.262,14.425372597566255
196,ORDK08136,2018-12-19,19:39:43,Dinner,BK,"[('Fish&Chips', 6), ('Salmon', 8)]",538.0,-37.814969899999994,144.92757759999998,0,11.847000000000001,18.53925964929266
197,ORDK05945,2018-03-22,10:32:06,Breakfast,BK,"[('Coffee', 1), ('Eggs', 4), ('Pancake', 3), ('Cereal', 2)]",210.25,-37.8069927,144.9729476,0,6.629,10.68437944920446
198,ORDY03426,2018-01-26,08:50:42,Breakfast,TP,"[('Cereal', 7), ('Eggs', 10), ('Coffee', 3)]",389.5,-37.8189974,144.9465067,0,9.185,10.97407373903626
199,ORDB08160,2018-09-13,16:27:02,Dinner,TP,"[('Shrimp', 3), ('Pasta', 9)]",409.5,-37.8088511,144.9289451,0,11.18,15.116056244207774
200,ORDK03812,2018-11-25,18:49:00,Dinner,BK,"[('Shrimp', 2), ('Fish&Chips', 1)]",143.0,-37.8204811,144.9818467,0,6.671,16.32941423461743
201,ORDK06839,2018-05-19,12:33:48,Lunch,BK,"[('Burger', 4), ('Salad', 10), ('Chicken', 10)]",616.0,-37.8003814,144.9835138,0,6.4910000000000005,14.558306995066776
202,ORDC09221,2018-02-21,09:41:24,Breakfast,NS,"[('Pancake', 7), ('Eggs', 8)]",345.75,-37.814774,145.00660469999997,0,10.425999999999998,14.620890096101446
203,ORDK05847,2018-08-28,15:56:37,Lunch,BK,"[('Steak', 10), ('Fries', 5), ('Chicken', 1)]",542.0,-37.8135271,144.9490879,0,10.226,15.488911713170967
204,ORDX04295,2018-07-13,14:25:21,Lunch,BK,"[('Salad', 7), ('Fries', 2), ('Chicken', 3)]",240.4,-37.8158555,144.94942890000002,0,9.147,14.53103474467676
205,ORDJ09155,2018-12-03,19:09:17,Dinner,TP,"[('Shrimp', 6), ('Pasta', 8), ('Salmon', 10), ('Fish&Chips', 5)]",1129.0,-37.816802100000004,144.9616241,0,8.0,12.762048398289885
206,ORDI10949,2018-04-10,11:12:40,Breakfast,NS,"[('Coffee', 2), ('Eggs', 1), ('Pancake', 7)]",206.75,-37.802650799999995,144.94557719999997,0,8.6,12.884373220026472
207,ORDJ06647,2018-01-15,08:20:16,Breakfast,TP,"[('Pancake', 9), ('Eggs', 6)]",350.25,-37.807162100000006,144.95596619999998,1,9.232000000000001,5.504432839448656
208,ORDX07740,2018-07-15,14:25:21,Lunch,BK,"[('Salad', 5), ('Fries', 8), ('Steak', 4)]",362.0,-37.8203771,144.9577362,0,8.343,16.202410929868694
209,ORDJ05746,2018-01-15,08:20:16,Breakfast,TP,"[('Eggs', 6), ('Pancake', 5)]",253.25,-37.8095744,145.00032040000002,1,11.162,6.218777987659587
210,ORDX07590,2018-03-17,10:21:58,Breakfast,BK,"[('Cereal', 8), ('Coffee', 8), ('Pancake', 5), ('Eggs', 5)]",459.25,-37.8205902,144.9838249,0,6.479,12.93634093318714
211,ORDX01269,2018-02-12,09:21:07,Breakfast,BK,"[('Cereal', 5), ('Eggs', 3)]",171.0,-37.7989485,144.9877544,0,6.3870000000000005,10.469545133749783
212,ORDB05286,2018-03-02,09:51:32,Breakfast,TP,"[('Coffee', 8), ('Eggs', 5), ('Cereal', 2)]",212.0,-37.8182775,144.9933897,0,10.038,11.605510434812349
213,ORDZ03273,2018-07-21,14:35:29,Lunch,NS,"[('Steak', 8), ('Chicken', 9)]",648.0,-37.8122606,144.97354380000002,0,7.547000000000001,14.82623764697523
214,ORDZ01891,2018-11-11,18:28:43,Dinner,NS,"[('Fish&Chips', 1), ('Shrimp', 4)]",251.0,-37.8161624,144.98102519999998,0,8.554,16.695330300662803
215,ORDI08011,2018-12-14,19:29:34,Dinner,NS,"[('Pasta', 5), ('Fish&Chips', 7), ('Shrimp', 7), ('Salmon', 7)]",1047.5,-37.8194175,144.95301730000003,0,9.299,15.372000098026707
216,ORDA07679,2018-02-06,09:10:59,Breakfast,BK,"[('Cereal', 1), ('Pancake', 4)]",118.0,-37.8218689,144.9791626,0,7.104,11.106058374167157
217,ORDY07355,2018-04-28,11:53:14,Breakfast,TP,"[('Coffee', 2), ('Pancake', 6)]",160.5,-37.8230646,144.968504,0,7.962999999999999,11.130020976330723
218,ORDY03357,2018-05-11,12:13:31,Lunch,TP,"[('Chicken', 5), ('Fries', 10), ('Salad', 7), ('Steak', 5), ('Burger', 9)]",904.4,-37.8106304,145.0055534,0,11.550999999999998,14.058102644810266
219,ORDY06100,2018-10-19,17:38:01,Dinner,TP,"[('Pasta', 6), ('Fish&Chips', 5), ('Salmon', 2), ('Shrimp', 2)]",530.0,-37.818942299999996,144.9646229,0,7.836,12.640646735796006
220,ORDY02377,2018-08-16,15:26:11,Lunch,TP,"[('Steak', 9), ('Burger', 2), ('Salad', 4), ('Chicken', 10)]",855.8,-37.8175499,144.9554956,0,8.357000000000001,11.693731242338021
221,ORDY02592,2018-01-23,08:40:33,Breakfast,TP,"[('Cereal', 6), ('Pancake', 7), ('Coffee', 3), ('Eggs', 10)]",538.25,-37.798916999999996,144.9356823,0,11.325,12.558217383773455
222,ORDZ00252,2018-08-13,15:26:11,Lunch,NS,"[('Fries', 8), ('Steak', 5), ('Salad', 9)]",475.8,-37.824404200000004,144.96895890000002,0,9.165,14.333126082243542
223,ORDK09499,2018-05-20,12:33:48,Lunch,BK,"[('Salad', 3), ('Fries', 4), ('Chicken', 6), ('Steak', 9), ('Burger', 7)]",913.6,-37.7991687,144.9729061,0,7.516,15.468245727881012
224,ORDA08675,2018-05-14,12:23:39,Lunch,BK,"[('Burger', 9), ('Steak', 3), ('Salad', 6), ('Fries', 10), ('Chicken', 8)]",893.2,-37.8068665,144.9644399,0,7.299,12.89048179029558
225,ORDK03347,2018-03-16,10:21:58,Breakfast,BK,"[('Coffee', 4), ('Pancake', 8), ('Eggs', 8)]",400.0,-37.8134369,144.9896395,0,5.367000000000001,9.564045126461469
226,ORDJ06578,2018-11-30,18:59:09,Dinner,TP,"[('Shrimp', 1), ('Fish&Chips', 6)]",264.0,-37.802260700000005,145.0030866,0,11.974,15.703817951647649
227,ORDZ06504,2018-06-10,13:14:21,Lunch,NS,"[('Salad', 1), ('Chicken', 3), ('Burger', 3), ('Steak', 3)]",341.2,-37.8136156,144.95029499999998,0,8.702,15.924636875817836
228,ORDA05192,2018-12-21,19:49:51,Dinner,BK,"[('Fish&Chips', 10), ('Shrimp', 2)]",458.0,-37.8113568,144.96943159999998,0,7.191,14.405918439553062
229,ORDC02616,2018-09-08,16:16:54,Dinner,NS,"[('Shrimp', 6), ('Salmon', 8), ('Pasta', 9), ('Fish&Chips', 6)]",1109.5,-37.8193243,144.9754996,0,8.569,16.70959522571271
230,ORDI01600,2018-05-02,11:53:14,Breakfast,NS,"[('Coffee', 8), ('Pancake', 1)]",84.25,-37.807799100000004,144.9540209,0,8.306000000000001,12.604780689048354
231,ORDK03777,2018-08-18,15:36:20,Lunch,BK,"[('Burger', 9), ('Fries', 7), ('Steak', 10), ('Salad', 10), ('Chicken', 1)]",1017.0,-37.80969210000001,145.0034029,0,3.9419999999999997,12.295444721951174
232,ORDC10922,2018-01-22,08:40:33,Breakfast,NS,"[('Coffee', 5), ('Cereal', 9), ('Eggs', 7), ('Pancake', 4)]",477.5,-37.8008042,144.97482649999998,0,6.56,10.944343413239531
233,ORDK04985,2018-01-11,08:20:16,Breakfast,BK,"[('Cereal', 2), ('Coffee', 3)]",64.5,-37.8077516,144.97120800000002,1,6.706,5.3763679111518385
234,ORDB07521,2018-10-17,17:38:01,Dinner,TP,"[('Pasta', 8), ('Shrimp', 9)]",706.0,-37.8025563,144.95074219999998,0,9.998,14.241075969404331
235,ORDX03018,2018-11-01,18:08:27,Dinner,BK,"[('Pasta', 6), ('Shrimp', 7)]",543.0,-37.8202619,144.9895993,0,5.92,13.277594410863408
236,ORDB04120,2018-01-11,08:20:16,Breakfast,TP,"[('Coffee', 5), ('Cereal', 3)]",100.5,-37.8071537,144.9564681,1,9.273,5.51960804726039
237,ORDK07471,2018-04-29,11:53:14,Breakfast,BK,"[('Coffee', 4), ('Cereal', 3), ('Eggs', 7), ('Pancake', 3)]",319.75,-37.802372399999996,144.9595655,0,8.059,14.33897819937884
238,ORDX02359,2018-12-17,19:39:43,Dinner,BK,"[('Salmon', 5), ('Shrimp', 8), ('Fish&Chips', 2)]",707.0,-37.8065273,144.9487655,0,8.796,15.83074933337438
239,ORDY10329,2018-01-16,08:20:16,Breakfast,TP,"[('Coffee', 2), ('Eggs', 1)]",37.0,-37.81369229999999,144.9387978,1,10.307,5.902319385731946
240,ORDX05921,2018-06-09,13:14:21,Lunch,BK,"[('Steak', 4), ('Fries', 6), ('Salad', 7), ('Chicken', 8)]",628.4,-37.8133019,144.9653553,0,7.532,15.482449649563966
241,ORDJ08596,2018-12-10,19:19:26,Dinner,TP,"[('Shrimp', 5), ('Pasta', 5), ('Salmon', 4)]",571.5,-37.8237514,144.9552956,0,8.033,12.786476781596578
242,ORDC08186,2018-05-02,12:03:22,Lunch,NS,"[('Salad', 3), ('Chicken', 9), ('Burger', 4), ('Fries', 10), ('Steak', 8)]",943.6,-37.8005732,144.9748659,0,6.586,11.88050996866339
243,ORDX08615,2018-04-17,11:22:49,Breakfast,BK,"[('Eggs', 7), ('Pancake', 4), ('Coffee', 4), ('Cereal', 4)]",365.0,-37.8119686,144.9637646,0,7.5329999999999995,11.48690102429136
244,ORDX08129,2018-04-11,11:12:40,Breakfast,BK,"[('Pancake', 6), ('Eggs', 9), ('Coffee', 1)]",351.0,-37.8242985,144.95530730000002,0,9.462,13.199361332192494
245,ORDX10339,2018-05-05,12:03:22,Lunch,BK,"[('Steak', 2), ('Salad', 10), ('Chicken', 3), ('Burger', 8)]",606.0,-37.8241145,144.94349309999998,0,9.907,17.590844274377442
246,ORDK06887,2018-05-21,12:33:48,Lunch,BK,"[('Fries', 10), ('Salad', 9), ('Chicken', 5), ('Burger', 7)]",651.8,-37.805473600000006,144.95798,0,7.9270000000000005,13.447985716351521
247,ORDX06719,2018-04-01,10:52:23,Breakfast,BK,"[('Pancake', 4), ('Cereal', 3), ('Eggs', 7), ('Coffee', 1)]",321.5,-37.814721,144.9500803,0,9.901,15.974204683128914
248,ORDY01531,2018-01-08,08:10:08,Breakfast,TP,"[('Eggs', 7), ('Cereal', 10), ('Pancake', 1), ('Coffee', 9)]",455.75,-37.8166589,144.93749330000003,1,10.446,5.953767041483925
249,ORDC08413,2018-01-07,08:10:08,Breakfast,NS,"[('Coffee', 10), ('Cereal', 10)]",285.0,-37.813309600000004,144.937523,1,10.047,8.146142234977601
250,ORDC02223,2018-09-22,16:47:19,Dinner,NS,"[('Pasta', 10), ('Fish&Chips', 7)]",520.0,-37.8240593,144.9735177,0,9.367,17.468489238367603
251,ORDJ02128,2018-07-11,14:15:12,Lunch,TP,"[('Chicken', 4), ('Burger', 1), ('Salad', 3), ('Steak', 1), ('Fries', 5)]",315.6,-37.816506,145.0056917,0,11.294,13.867857356633884
252,ORDC02481,2018-01-25,08:40:33,Breakfast,NS,"[('Cereal', 10), ('Coffee', 5), ('Eggs', 9), ('Pancake', 8)]",639.5,-37.8132178,144.96277609999999,0,7.957,12.272883432887255
253,ORDB10457,2018-07-30,14:55:46,Lunch,TP,"[('Steak', 10), ('Fries', 9)]",558.0,-37.8013908,144.97061230000003,0,9.961,12.881098721851322
254,ORDY05872,2018-10-13,17:27:53,Dinner,TP,"[('Fish&Chips', 2), ('Pasta', 3)]",152.5,-37.81969,144.9989739,0,10.581,15.733181748171056
255,ORDX06421,2018-11-02,18:08:27,Dinner,BK,"[('Pasta', 8), ('Shrimp', 2), ('Salmon', 10), ('Fish&Chips', 7)]",983.0,-37.800984899999996,144.9786899,0,6.875,14.125390986314722
256,ORDB00270,2018-11-21,18:49:00,Dinner,TP,"[('Pasta', 5), ('Fish&Chips', 6), ('Salmon', 3)]",470.5,-37.8028785,144.929662,0,11.397,15.276691370800284
257,ORDJ01951,2018-06-11,13:14:21,Lunch,TP,"[('Salad', 9), ('Burger', 9)]",433.8,-37.8149853,144.9602491,0,8.265,11.625627870695114
258,ORDI02870,2018-07-22,14:35:29,Lunch,NS,"[('Chicken', 8), ('Burger', 2), ('Fries', 2)]",342.0,-37.808695,144.9480783,0,8.792,16.01022642611726
259,ORDA07029,2018-03-31,10:52:23,Breakfast,BK,"[('Eggs', 10), ('Pancake', 1), ('Cereal', 8)]",412.25,-37.814518400000004,144.958323,0,8.122,14.394906141005471
260,ORDB08555,2018-08-15,15:26:11,Lunch,TP,"[('Steak', 8), ('Salad', 10), ('Fries', 2), ('Chicken', 8), ('Burger', 3)]",905.0,-37.809222999999996,144.98563969999998,0,9.825,12.780424172466153
261,ORDK07517,2018-04-26,11:43:05,Breakfast,BK,"[('Cereal', 8), ('Eggs', 9), ('Pancake', 7), ('Coffee', 3)]",558.25,-37.81876870000001,144.96694219999998,0,7.582999999999999,11.53128827955059
262,ORDX02150,2018-01-04,08:00:00,Breakfast,BK,"[('Eggs', 2), ('Coffee', 10), ('Cereal', 3)]",182.0,-37.8018716,144.9841585,1,6.287999999999999,5.190829184168252
263,ORDI08126,2018-10-12,17:27:53,Dinner,NS,"[('Shrimp', 6), ('Salmon', 8), ('Fish&Chips', 7)]",897.0,-37.8214227,144.9431062,0,10.204,16.232650576037578
264,ORDX08595,2018-02-24,09:41:24,Breakfast,BK,"[('Eggs', 1), ('Cereal', 1)]",43.0,-37.811589500000004,145.00639030000002,0,3.613,10.392063461728013
265,ORDY09844,2018-06-07,13:14:21,Lunch,TP,"[('Fries', 6), ('Chicken', 4), ('Salad', 2)]",234.4,-37.8037957,144.94934890000002,0,9.877,12.81891738252519
266,ORDJ01737,2018-07-05,14:05:04,Lunch,TP,"[('Steak', 6), ('Chicken', 4)]",398.0,-37.812110700000005,144.9886884,0,9.863999999999999,12.80929408001043
267,ORDB10943,2018-05-07,12:03:22,Lunch,TP,"[('Steak', 9), ('Chicken', 8), ('Fries', 5), ('Burger', 4), ('Salad', 5)]",931.0,-37.80609329999999,144.9544511,0,9.368,12.442128076370407
268,ORDK07740,2018-09-20,16:37:10,Dinner,BK,"[('Salmon', 9), ('Shrimp', 5), ('Pasta', 4)]",749.0,-37.819885299999996,144.9650779,0,7.8629999999999995,15.002483150237127
269,ORDA04162,2018-09-18,16:37:10,Dinner,BK,"[('Salmon', 7), ('Fish&Chips', 10), ('Shrimp', 6)]",961.0,-37.8173222,145.0040415,0,4.364,11.896263027196136
270,ORDY00766,2018-01-14,08:20:16,Breakfast,TP,"[('Pancake', 5), ('Cereal', 4), ('Coffee', 7)]",257.75,-37.818327200000006,144.94863859999998,1,9.019,5.955864621072482
271,ORDA03401,2018-04-12,11:22:49,Breakfast,BK,"[('Eggs', 8), ('Cereal', 2), ('Coffee', 2)]",233.0,-37.8214909,144.9871468,0,6.187,10.291996112712859
272,ORDJ07179,2018-08-22,15:46:28,Lunch,TP,"[('Burger', 1), ('Fries', 6), ('Steak', 10)]",553.0,-37.8117322,144.9483402,0,9.427999999999999,12.486543318746214
273,ORDC04786,2018-04-04,11:02:32,Breakfast,NS,"[('Pancake', 2), ('Coffee', 1)]",56.0,-37.8131542,144.9477855,0,9.991,14.207207269654232
274,ORDA02644,2018-09-17,16:37:10,Dinner,BK,"[('Fish&Chips', 10), ('Shrimp', 10), ('Pasta', 6)]",1055.0,-37.8078796,144.9956024,0,4.7860000000000005,12.270891461584046
275,ORDI06751,2018-09-04,16:06:45,Dinner,NS,"[('Shrimp', 4), ('Pasta', 4), ('Fish&Chips', 7)]",571.0,-37.811380299999996,144.9597365,0,7.863,14.006371273249234
276,ORDB05200,2018-05-31,12:54:05,Lunch,TP,"[('Fries', 3), ('Steak', 2), ('Chicken', 9), ('Burger', 9)]",693.0,-37.8073131,144.959212,0,8.932,12.119377315106194
277,ORDX04166,2018-10-05,17:07:36,Dinner,BK,"[('Shrimp', 3), ('Fish&Chips', 2)]",232.0,-37.8089285,144.9662571,0,7.16,14.378398341292339
278,ORDY07008,2018-11-05,18:08:27,Dinner,TP,"[('Fish&Chips', 3), ('Salmon', 8), ('Pasta', 3)]",515.5,-37.816254799999996,144.96395159999997,0,7.7829999999999995,12.601413271697373
279,ORDC07337,2018-05-10,12:13:31,Lunch,NS,"[('Steak', 7), ('Burger', 9)]",594.0,-37.803106899999996,144.95105159999997,0,8.129,13.347895258796843
280,ORDB01184,2018-06-30,13:54:55,Lunch,TP,"[('Fries', 6), ('Chicken', 5), ('Salad', 6), ('Burger', 10), ('Steak', 2)]",735.2,-37.816377,145.0088781,0,11.623,15.171938609343014
281,ORDA03332,2018-05-16,12:23:39,Lunch,BK,"[('Fries', 5), ('Chicken', 7), ('Burger', 10), ('Salad', 10)]",766.0,-37.812521600000004,144.9651806,0,7.459,13.032521007125117
282,ORDI02146,2018-01-15,08:20:16,Breakfast,NS,"[('Coffee', 5), ('Cereal', 6)]",163.5,-37.798688500000004,144.94893869999999,1,8.219,6.261022061879455
283,ORDA04237,2018-10-05,17:07:36,Dinner,BK,"[('Shrimp', 3), ('Salmon', 8), ('Pasta', 7), ('Fish&Chips', 1)]",717.5,-37.81093370000001,144.959358,0,7.814,14.958983640083082
284,ORDK05488,2018-10-04,17:07:36,Dinner,BK,"[('Fish&Chips', 4), ('Shrimp', 2), ('Salmon', 6)]",494.0,-37.808675,144.9423368,0,9.78,16.70429051687605
285,ORDZ06989,2018-03-24,10:42:15,Breakfast,NS,"[('Coffee', 8), ('Pancake', 3), ('Eggs', 5), ('Cereal', 9)]",431.75,-37.8188549,144.9818575,0,8.838,15.142531510932942
286,ORDA04156,2018-12-10,19:19:26,Dinner,BK,"[('Fish&Chips', 3), ('Shrimp', 10)]",645.0,-37.809557299999994,144.972643,0,6.7139999999999995,13.982464024379997
287,ORDZ09017,2018-01-01,08:00:00,Breakfast,NS,"[('Cereal', 9), ('Pancake', 4), ('Eggs', 7)]",440.0,-37.826280100000005,144.93074109999998,1,11.672,7.902914935123402
288,ORDX06081,2018-05-21,12:33:48,Lunch,BK,"[('Chicken', 7), ('Salad', 2), ('Steak', 4)]",438.4,-37.8194843,144.9776749,0,7.056,12.674759729735715
289,ORDA06213,2018-07-07,14:05:04,Lunch,BK,"[('Chicken', 10), ('Salad', 4), ('Steak', 3), ('Fries', 7), ('Burger', 5)]",762.8,-37.8188564,144.9623989,0,7.896,15.805588867851169
290,ORDA08828,2018-11-24,18:49:00,Dinner,BK,"[('Salmon', 6), ('Pasta', 5)]",383.5,-37.8126683,144.94307369999999,0,9.392999999999999,18.745856410929967
291,ORDZ06894,2018-05-07,12:03:22,Lunch,NS,"[('Salad', 8), ('Burger', 1), ('Fries', 6)]",240.6,-37.8073136,144.9556261,0,8.125,13.344091278783534
292,ORDI02634,2018-09-10,16:16:54,Dinner,NS,"[('Fish&Chips', 10), ('Pasta', 4), ('Salmon', 8), ('Shrimp', 8)]",1220.0,-37.8072638,144.9970284,0,8.934,15.024886921812376
293,ORDJ08941,2018-02-22,09:41:24,Breakfast,TP,"[('Coffee', 5), ('Pancake', 5), ('Cereal', 9), ('Eggs', 9)]",545.75,-37.812529600000005,145.0049281,0,11.415999999999999,12.625580501376765
294,ORDK01818,2018-02-24,09:41:24,Breakfast,BK,"[('Eggs', 3), ('Coffee', 8), ('Cereal', 2), ('Pancake', 4)]",265.0,-37.799141999999996,144.946087,0,9.325,15.462863502542572
295,ORDB07899,2018-01-02,08:00:00,Breakfast,TP,"[('Coffee', 7), ('Pancake', 4), ('Eggs', 2), ('Cereal', 10)]",403.5,-37.8033171,144.9368699,1,10.832,6.096636071126112
296,ORDZ02819,2018-01-27,08:50:42,Breakfast,NS,"[('Eggs', 8), ('Coffee', 7)]",228.5,-37.8105739,144.9503021,0,8.675,14.987519325390654
297,ORDZ07030,2018-09-09,16:16:54,Dinner,NS,"[('Salmon', 3), ('Pasta', 6), ('Fish&Chips', 1), ('Shrimp', 2)]",431.0,-37.8161805,144.9703509,0,8.009,16.17703802384963
298,ORDX06396,2018-04-12,11:22:49,Breakfast,BK,"[('Pancake', 6), ('Cereal', 9)]",334.5,-37.8191531,144.96550980000004,0,7.744,11.674215241485314
299,ORDA04286,2018-04-06,11:02:32,Breakfast,BK,"[('Eggs', 8), ('Pancake', 5)]",297.25,-37.8036065,144.9728599,0,7.1,11.102507393746418
300,ORDB00441,2018-03-01,09:51:32,Breakfast,TP,"[('Eggs', 4), ('Pancake', 3), ('Coffee', 8)]",220.75,-37.7983344,144.9784699,0,10.407,11.878664175423575
301,ORDZ08301,2018-08-24,15:46:28,Lunch,NS,"[('Fries', 7), ('Salad', 6), ('Chicken', 9)]",475.2,-37.8179401,144.96929680000002,0,8.571,13.768235050267347
302,ORDJ08627,2018-10-18,17:38:01,Dinner,TP,"[('Fish&Chips', 9), ('Pasta', 1), ('Salmon', 7)]",629.5,-37.8047938,144.9508954,0,9.706,14.02492178984206
303,ORDJ06133,2018-10-30,17:58:18,Dinner,TP,"[('Salmon', 2), ('Fish&Chips', 1), ('Pasta', 2), ('Shrimp', 8)]",604.0,-37.8197721,144.9809341,0,8.852,13.392744840026376
304,ORDI03220,2018-12-03,19:09:17,Dinner,NS,"[('Salmon', 4), ('Fish&Chips', 1), ('Pasta', 7), ('Shrimp', 2)]",499.5,-37.8189399,144.95420790000003,0,9.173,15.252174727607514
305,ORDY05313,2018-02-28,09:51:32,Breakfast,TP,"[('Coffee', 4), ('Eggs', 8), ('Cereal', 9)]",395.0,-37.823853899999996,144.9982226,0,10.17,11.70322396803913
306,ORDB06271,2018-09-08,16:16:54,Dinner,TP,"[('Salmon', 2), ('Shrimp', 9), ('Pasta', 2), ('Fish&Chips', 3)]",728.0,-37.8084848,144.925964,0,11.445,16.372761238382708
307,ORDJ02079,2018-11-07,18:18:35,Dinner,TP,"[('Salmon', 10), ('Fish&Chips', 4), ('Shrimp', 3)]",712.0,-37.8097097,144.9612294,0,8.552999999999999,13.171408882186926
308,ORDB07487,2018-03-07,10:01:41,Breakfast,TP,"[('Eggs', 7), ('Coffee', 4), ('Pancake', 6), ('Cereal', 5)]",434.5,-37.8051966,144.947812,0,9.793,11.424148195111126
309,ORDY03142,2018-08-07,15:16:03,Lunch,TP,"[('Chicken', 4), ('Burger', 7), ('Fries', 7)]",429.0,-37.8228935,144.9838015,0,8.879,12.080143851007561
310,ORDB00666,2018-08-26,15:46:28,Lunch,TP,"[('Chicken', 4), ('Steak', 10), ('Burger', 7), ('Salad', 3), ('Fries', 6)]",918.6,-37.8122037,144.9381195,0,10.874,14.617488333684996
311,ORDY01443,2018-08-31,15:56:37,Lunch,TP,"[('Chicken', 5), ('Burger', 3), ('Steak', 5), ('Salad', 5), ('Fries', 2)]",588.0,-37.80538920000001,144.9565606,0,9.39,12.458413665241537
312,ORDK07628,2018-05-28,12:54:05,Lunch,BK,"[('Burger', 6), ('Salad', 6)]",289.2,-37.79305,144.97572,0,8.149,13.645065129702507
313,ORDA09542,2018-04-25,11:43:05,Breakfast,BK,"[('Eggs', 8), ('Pancake', 3), ('Cereal', 2), ('Coffee', 8)]",350.75,-37.8188756,144.9531207,0,8.816,12.625877994243229
314,ORDJ09441,2018-06-11,13:14:21,Lunch,TP,"[('Chicken', 9), ('Steak', 2), ('Salad', 2), ('Burger', 9), ('Fries', 5)]",751.4,-37.82454620000001,144.946792,0,8.868,12.072001056571997
315,ORDY00273,2018-10-15,17:27:53,Dinner,TP,"[('Shrimp', 2), ('Pasta', 5)]",245.5,-37.8130824,144.9927179,0,10.241,14.420957701026358
316,ORDY02012,2018-07-29,14:55:46,Lunch,TP,"[('Salad', 10), ('Steak', 1), ('Fries', 3), ('Chicken', 10)]",573.0,-37.8173887,144.9674374,0,7.747,12.302713951865737
317,ORDJ09518,2018-05-19,12:33:48,Lunch,TP,"[('Steak', 2), ('Salad', 7), ('Chicken', 6), ('Fries', 5)]",462.4,-37.8050872,144.9676227,0,9.376,13.508587782368958
318,ORDZ06900,2018-04-21,11:32:57,Breakfast,NS,"[('Coffee', 9), ('Cereal', 2), ('Pancake', 5)]",230.75,-37.8038685,144.9535998,0,8.033999999999999,14.377931528258088
319,ORDY10672,2018-12-27,20:00:00,Dinner,TP,"[('Shrimp', 6), ('Salmon', 1), ('Pasta', 3), ('Fish&Chips', 10)]",797.5,-37.81296470000001,144.93913500000002,0,10.229,14.412074652551198
320,ORDZ04957,2018-07-09,14:15:12,Lunch,NS,"[('Burger', 2), ('Chicken', 5)]",222.0,-37.813887799999996,144.940334,0,9.584,14.731592988637527
321,ORDI02018,2018-08-05,15:05:54,Lunch,NS,"[('Burger', 10), ('Fries', 5), ('Steak', 7)]",685.0,-37.81505739999999,144.952147,0,8.768,15.987402546037414
322,ORDJ03738,2018-12-28,20:00:00,Dinner,TP,"[('Fish&Chips', 2), ('Shrimp', 2)]",178.0,-37.8238195,144.9560591,0,7.987,12.752425095775125
323,ORDC04421,2018-06-04,13:04:13,Lunch,NS,"[('Salad', 10), ('Chicken', 3), ('Steak', 7)]",583.0,-37.8203815,144.9708427,0,8.791,13.977453950999271
324,ORDC10752,2018-02-16,09:31:16,Breakfast,NS,"[('Coffee', 5), ('Eggs', 3), ('Cereal', 7), ('Pancake', 8)]",444.5,-37.8208845,144.9548011,0,9.406,13.650875192707979
325,ORDI07739,2018-03-27,10:42:15,Breakfast,NS,"[('Coffee', 9), ('Eggs', 3)]",133.5,-37.8147072,144.96684199999999,0,8.058,12.368933928223274
326,ORDB00790,2018-11-25,18:49:00,Dinner,TP,"[('Salmon', 10), ('Pasta', 7), ('Fish&Chips', 3)]",707.5,-37.821224799999996,144.9830336,0,8.988999999999999,14.554697317132916
327,ORDK08500,2018-10-24,17:48:10,Dinner,BK,"[('Shrimp', 8), ('Salmon', 5), ('Pasta', 1), ('Fish&Chips', 1)]",699.5,-37.8133599,144.9375612,0,9.945,16.85076845923151
328,ORDK09579,2018-01-07,08:10:08,Breakfast,BK,"[('Cereal', 10), ('Coffee', 7)]",262.5,-37.813309600000004,144.937523,1,10.138,8.092300136528834
329,ORDJ05682,2018-02-26,09:51:32,Breakfast,TP,"[('Cereal', 4), ('Pancake', 8), ('Coffee', 9)]",345.5,-37.8133513,144.9510831,0,9.538,11.235383415013938
330,ORDC08576,2018-11-02,18:08:27,Dinner,NS,"[('Pasta', 10), ('Salmon', 4), ('Shrimp', 4), ('Fish&Chips', 1)]",690.0,-37.809747200000004,144.9710871,0,7.287999999999999,13.459549146336247
331,ORDJ00596,2018-05-14,12:23:39,Lunch,TP,"[('Salad', 1), ('Chicken', 5)]",177.2,-37.8208869,144.9551597,0,8.179,11.561966023289788
332,ORDZ08652,2018-02-28,09:51:32,Breakfast,NS,"[('Cereal', 6), ('Pancake', 10), ('Eggs', 8)]",544.5,-37.8250001,144.99805969999997,0,10.455,14.648468951197929
333,ORDJ05778,2018-03-23,10:42:15,Breakfast,TP,"[('Pancake', 10), ('Coffee', 8), ('Eggs', 4)]",390.5,-37.820265,144.9854396,0,9.196,10.982216533471824
334,ORDY09811,2018-09-08,16:16:54,Dinner,TP,"[('Shrimp', 2), ('Pasta', 9), ('Fish&Chips', 5)]",530.5,-37.8210245,144.9767611,0,8.711,14.348906694125002
335,ORDJ06057,2018-04-17,11:32:57,Breakfast,TP,"[('Cereal', 8), ('Eggs', 1)]",190.0,-37.8038008,144.98750139999999,0,10.523,11.964533644016806
336,ORDB10411,2018-11-12,18:28:43,Dinner,TP,"[('Pasta', 3), ('Shrimp', 2), ('Salmon', 2), ('Fish&Chips', 10)]",622.5,-37.805,144.97871980000002,0,10.431,14.561605968549754
337,ORDB02792,2018-06-17,13:24:30,Lunch,TP,"[('Steak', 1), ('Burger', 2), ('Chicken', 5), ('Salad', 3)]",318.6,-37.8137936,144.944511,0,9.647,13.709196627099697
338,ORDI10714,2018-04-15,11:22:49,Breakfast,NS,"[('Eggs', 8), ('Pancake', 2)]",224.5,-37.8114235,144.9760123,0,7.713,14.072662132190144
339,ORDK10009,2018-07-05,14:05:04,Lunch,BK,"[('Chicken', 8), ('Fries', 1)]",268.0,-37.812248700000005,145.0003405,0,4.232,10.167767552694343
340,ORDB06087,2018-10-12,17:27:53,Dinner,TP,"[('Salmon', 3), ('Pasta', 5), ('Fish&Chips', 7), ('Shrimp', 10)]",1045.5,-37.81078,144.9711956,0,8.882,13.41495246121428
341,ORDB02491,2018-08-29,15:56:37,Lunch,TP,"[('Burger', 7), ('Salad', 6), ('Steak', 3)]",455.2,-37.8091081,144.9728239,0,9.116,12.255584058392008
342,ORDX07227,2018-04-07,11:02:32,Breakfast,BK,"[('Cereal', 7), ('Coffee', 8), ('Eggs', 10)]",427.0,-37.8112864,144.9730165,0,6.792000000000001,13.214205151109926
343,ORDX00963,2018-01-02,08:00:00,Breakfast,BK,"[('Pancake', 5), ('Eggs', 6), ('Coffee', 1), ('Cereal', 9)]",449.75,-37.8148614,144.9449731,1,9.167,6.468738263081516
344,ORDB09934,2018-03-01,09:51:32,Breakfast,TP,"[('Coffee', 3), ('Eggs', 8), ('Cereal', 6), ('Pancake', 2)]",373.0,-37.82090770000001,144.96812409999998,0,7.649,9.837043534215542
345,ORDX06209,2018-11-17,18:38:52,Dinner,BK,"[('Fish&Chips', 10), ('Shrimp', 6)]",674.0,-37.7989278,144.96927119999998,0,7.752999999999999,17.289954438427188
346,ORDI08214,2018-08-22,15:46:28,Lunch,NS,"[('Salad', 6), ('Chicken', 4), ('Fries', 10), ('Steak', 4)]",531.2,-37.8023321,144.9868182,0,7.6339999999999995,12.877152732150012
347,ORDJ04987,2018-02-26,09:51:32,Breakfast,TP,"[('Pancake', 3), ('Eggs', 2), ('Coffee', 9), ('Cereal', 10)]",394.25,-37.809563399999995,144.96371090000002,0,8.655,10.581739098049944
348,ORDX01884,2018-07-03,14:05:04,Lunch,BK,"[('Steak', 6), ('Burger', 8), ('Chicken', 4)]",646.0,-37.807545899999994,144.9627241,0,7.478,13.049388164123625
349,ORDA07522,2018-03-23,10:32:06,Breakfast,BK,"[('Coffee', 7), ('Cereal', 7), ('Eggs', 4)]",287.5,-37.8240578,144.98197580000001,0,6.983,10.998641216439816
350,ORDB10481,2018-09-10,16:16:54,Dinner,TP,"[('Shrimp', 9), ('Salmon', 8), ('Pasta', 9)]",1061.5,-37.825342600000006,144.9695571,0,8.166,12.884930568862957
351,ORDB06550,2018-01-26,08:40:33,Breakfast,TP,"[('Pancake', 4), ('Eggs', 9), ('Coffee', 4), ('Cereal', 10)]",535.0,-37.8253735,144.9952678,0,9.796,11.426368957229917
352,ORDJ05318,2018-07-11,14:15:12,Lunch,TP,"[('Burger', 9), ('Steak', 4)]",459.0,-37.8180792,144.99466769999998,0,10.109,12.99065631971165
353,ORDB02238,2018-07-11,14:15:12,Lunch,TP,"[('Fries', 1), ('Salad', 10)]",184.0,-37.8057852,144.942916,0,10.258,13.100954171611576
354,ORDI04653,2018-08-25,15:46:28,Lunch,NS,"[('Steak', 4), ('Fries', 9), ('Salad', 6), ('Chicken', 6), ('Burger', 2)]",645.2,-37.8052448,144.93730530000002,0,9.645,16.821425163955134
355,ORDB10662,2018-01-17,08:30:25,Breakfast,TP,"[('Eggs', 6), ('Coffee', 1), ('Pancake', 8)]",333.5,-37.808776200000004,145.0086454,1,12.033,6.541158621904002
356,ORDI00227,2018-04-08,11:12:40,Breakfast,NS,"[('Coffee', 7), ('Cereal', 9), ('Pancake', 9), ('Eggs', 3)]",525.75,-37.8100283,144.99069730000002,0,8.642000000000001,14.956136490280866
357,ORDY06481,2018-01-12,08:20:16,Breakfast,TP,"[('Coffee', 4), ('Pancake', 7), ('Eggs', 3), ('Cereal', 5)]",370.75,-37.807331700000006,144.9574524,1,9.174,5.482965472300347
358,ORDB03255,2018-02-02,09:00:50,Breakfast,TP,"[('Pancake', 8), ('Eggs', 5)]",304.0,-37.7993649,144.99296950000002,0,11.377,12.59671059383249
359,ORDK08349,2018-01-29,08:50:42,Breakfast,BK,"[('Pancake', 8), ('Eggs', 6)]",326.0,-37.8240365,144.9334886,0,10.825999999999999,14.410245655664317
360,ORDJ06888,2018-06-19,13:34:38,Lunch,TP,"[('Salad', 2), ('Chicken', 1), ('Steak', 9)]",471.4,-37.8180833,144.9614655,0,7.837,11.308799141747674
361,ORDC09982,2018-02-07,09:10:59,Breakfast,NS,"[('Eggs', 7), ('Pancake', 9), ('Cereal', 1), ('Coffee', 3)]",415.75,-37.820029999999996,144.92037,0,12.684000000000001,16.768236813613658
362,ORDK07351,2018-06-04,13:04:13,Lunch,BK,"[('Salad', 1), ('Fries', 3)]",53.2,-37.807394200000005,144.9986816,0,4.558,10.45717245698453
363,ORDY01788,2018-06-08,13:14:21,Lunch,TP,"[('Salad', 8), ('Burger', 2), ('Fries', 5), ('Chicken', 3), ('Steak', 10)]",805.6,-37.819645200000004,144.9843211,0,9.264,12.365141656252337
364,ORDC00649,2018-12-22,19:49:51,Dinner,NS,"[('Shrimp', 2), ('Salmon', 7)]",395.0,-37.805995200000005,144.9668226,0,7.122999999999999,15.334456450901968
365,ORDA03099,2018-07-28,14:55:46,Lunch,BK,"[('Salad', 9), ('Steak', 9), ('Chicken', 3)]",655.8,-37.815901399999994,144.9612113,0,7.987,15.88637367242297
366,ORDZ02957,2018-04-15,11:22:49,Breakfast,NS,"[('Pancake', 5), ('Eggs', 6), ('Cereal', 4), ('Coffee', 7)]",389.75,-37.8168593,144.98511530000002,0,8.832,15.136825540912982
367,ORDA04130,2018-04-01,10:52:23,Breakfast,BK,"[('Pancake', 3), ('Eggs', 1), ('Coffee', 7), ('Cereal', 4)]",231.25,-37.819316,144.97903469999997,0,7.267,13.635884076072621
368,ORDY05716,2018-12-12,19:29:34,Dinner,TP,"[('Shrimp', 8), ('Fish&Chips', 1)]",467.0,-37.8143175,144.9655652,0,8.242,12.941189875872317
369,ORDJ08834,2018-05-30,12:54:05,Lunch,TP,"[('Salad', 5), ('Chicken', 8)]",342.0,-37.8043801,144.9297315,0,11.262,13.844169227366786
370,ORDY06247,2018-09-16,16:37:10,Dinner,TP,"[('Fish&Chips', 10), ('Salmon', 2), ('Shrimp', 4), ('Pasta', 1)]",675.5,-37.80401129999999,144.98219430000003,0,10.16,15.421534797500794
371,ORDJ11001,2018-06-23,13:44:47,Lunch,TP,"[('Salad', 8), ('Steak', 5)]",362.6,-37.8049263,144.969378,0,9.457,13.568548359576301
372,ORDJ03933,2018-07-12,14:15:12,Lunch,TP,"[('Chicken', 8), ('Burger', 2), ('Salad', 8)]",455.6,-37.8091677,144.96857,0,8.982000000000001,12.156390017086034
373,ORDA01602,2018-10-25,17:48:10,Dinner,BK,"[('Pasta', 7), ('Fish&Chips', 7), ('Salmon', 6)]",683.5,-37.8092227,144.9648318,0,7.29,14.493805204966339
374,ORDJ08322,2018-08-05,15:05:54,Lunch,TP,"[('Burger', 2), ('Fries', 10), ('Chicken', 2), ('Steak', 7)]",561.0,-37.8133248,144.9513498,0,9.068,13.280589538173137
375,ORDI04893,2018-04-13,11:22:49,Breakfast,NS,"[('Pancake', 9), ('Eggs', 5), ('Cereal', 8)]",496.25,-37.802428000000006,144.9459015,0,8.601,12.885324215029799
376,ORDB07406,2018-05-25,12:43:56,Lunch,TP,"[('Salad', 6), ('Fries', 9), ('Burger', 10)]",521.2,-37.8026534,144.96349080000002,0,9.455,12.50653017781533
377,ORDY04649,2018-05-01,11:53:14,Breakfast,TP,"[('Pancake', 8), ('Eggs', 7), ('Coffee', 3)]",370.5,-37.810463299999995,144.950248,0,9.36,11.103618195965703
378,ORDB08628,2018-05-10,12:13:31,Lunch,TP,"[('Burger', 10), ('Chicken', 5), ('Steak', 9)]",875.0,-37.8010594,144.9637848,0,9.634,12.63903565090316
379,ORDA00964,2018-03-13,10:21:58,Breakfast,BK,"[('Eggs', 10), ('Pancake', 10), ('Cereal', 4)]",546.5,-37.8239116,144.98174430000003,0,6.955,10.973784353494647
380,ORDA03924,2018-06-01,12:54:05,Lunch,BK,"[('Salad', 8), ('Burger', 1), ('Chicken', 4), ('Fries', 6)]",368.6,-37.825325799999995,144.95693359999999,0,8.868,14.283353860330251
381,ORDK05012,2018-10-10,17:17:44,Dinner,BK,"[('Fish&Chips', 5), ('Salmon', 1), ('Pasta', 10)]",491.0,-37.812237700000004,144.9535131,0,8.499,15.567089037134547
382,ORDY06963,2018-12-31,20:00:00,Dinner,TP,"[('Fish&Chips', 3), ('Salmon', 7)]",392.0,-37.8070205,145.0001939,0,12.654000000000002,16.20719069857349
383,ORDB03594,2018-02-23,09:41:24,Breakfast,TP,"[('Eggs', 8), ('Cereal', 8)]",344.0,-37.806219299999995,144.93257519999997,0,10.994000000000002,12.31319329666691
384,ORDC05702,2018-04-01,10:52:23,Breakfast,NS,"[('Cereal', 8), ('Coffee', 7), ('Eggs', 7), ('Pancake', 4)]",471.5,-37.8201805,144.980577,0,9.556000000000001,15.825345923321679
385,ORDJ07848,2018-04-26,11:43:05,Breakfast,TP,"[('Pancake', 4), ('Cereal', 3)]",160.0,-37.8186975,144.9657741,0,7.487,9.717122379800859
386,ORDK05932,2018-10-09,17:17:44,Dinner,BK,"[('Salmon', 10), ('Shrimp', 5)]",680.0,-37.812243200000005,144.9524053,0,8.573,15.632782174918209
387,ORDI08325,2018-09-14,16:27:02,Dinner,NS,"[('Shrimp', 6), ('Salmon', 2)]",406.0,-37.8238784,144.9548363,0,9.738,15.78948690448723
388,ORDJ01969,2018-11-12,18:28:43,Dinner,TP,"[('Salmon', 6), ('Shrimp', 7)]",624.0,-37.80389279999999,144.9789428,0,10.224,14.408373382353213
389,ORDI10991,2018-05-06,12:03:22,Lunch,NS,"[('Burger', 6), ('Salad', 9), ('Chicken', 7), ('Steak', 9), ('Fries', 7)]",1053.8,-37.8084185,144.9234256,0,10.421,17.55939728653683
390,ORDJ03944,2018-10-24,17:48:10,Dinner,TP,"[('Fish&Chips', 7), ('Salmon', 10), ('Pasta', 8), ('Shrimp', 1)]",929.0,-37.8112054,144.9619207,0,8.532,13.155863547355393
391,ORDI09453,2018-12-19,19:39:43,Dinner,NS,"[('Fish&Chips', 9), ('Pasta', 10), ('Shrimp', 9)]",1076.0,-37.8239891,144.9846665,0,9.333,15.404333928139824
392,ORDI01121,2018-01-01,08:00:00,Breakfast,NS,"[('Eggs', 10), ('Pancake', 4), ('Coffee', 4)]",347.0,-37.8214836,144.9612666,1,9.093,6.676606878333324
393,ORDX07545,2018-08-17,15:36:20,Lunch,BK,"[('Burger', 1), ('Steak', 9), ('Fries', 2), ('Salad', 5)]",546.0,-37.817362100000004,144.9658409,0,7.608,13.164795027797627
394,ORDJ06473,2018-09-25,16:47:19,Dinner,TP,"[('Salmon', 3), ('Fish&Chips', 8), ('Shrimp', 4), ('Pasta', 7)]",811.5,-37.8197258,144.9696551,0,8.164,12.883450060783764
395,ORDB00296,2018-08-09,15:16:03,Lunch,TP,"[('Salad', 1), ('Burger', 4)]",141.2,-37.822450399999994,144.9558264,0,8.093,11.49830417588446
396,ORDJ09533,2018-10-31,17:58:18,Dinner,TP,"[('Shrimp', 7), ('Salmon', 8), ('Fish&Chips', 8), ('Pasta', 5)]",1123.5,-37.813342600000006,144.9446125,0,9.669,13.997532390376978
397,ORDK00827,2018-03-21,10:32:06,Breakfast,BK,"[('Cereal', 8), ('Eggs', 9), ('Coffee', 10), ('Pancake', 6)]",586.5,-37.8150344,144.9605564,0,7.981,11.884610831414069
398,ORDC00980,2018-03-29,10:52:23,Breakfast,NS,"[('Pancake', 7), ('Cereal', 5)]",274.75,-37.815613899999995,144.9662916,0,8.112,12.420287658402929
399,ORDK08480,2018-11-04,18:08:27,Dinner,BK,"[('Pasta', 1), ('Salmon', 4), ('Fish&Chips', 3)]",296.5,-37.811516100000006,144.9526832,0,8.47,17.926467678844563
400,ORDI04356,2018-04-26,11:43:05,Breakfast,NS,"[('Eggs', 9), ('Cereal', 3), ('Pancake', 10)]",503.5,-37.8188045,144.9658251,0,8.627,12.9100500851163
401,ORDA02677,2018-03-19,10:32:06,Breakfast,BK,"[('Cereal', 4), ('Coffee', 8)]",144.0,-37.81316029999999,144.9516,0,8.531,12.372870639265612
402,ORDX06582,2018-08-22,15:46:28,Lunch,BK,"[('Steak', 8), ('Salad', 7)]",480.4,-37.8118821,144.9789917,0,6.194,11.909523449066572
403,ORDK00848,2018-10-19,17:38:01,Dinner,BK,"[('Shrimp', 7), ('Pasta', 8), ('Salmon', 7), ('Fish&Chips', 6)]",1095.0,-37.800844700000006,145.00316709999998,0,4.962,12.42713460009654
404,ORDZ10226,2018-03-20,10:32:06,Breakfast,NS,"[('Eggs', 3), ('Pancake', 9), ('Coffee', 8), ('Cereal', 3)]",407.25,-37.80985689999999,144.958443,0,7.949,12.26527547286064
405,ORDA01099,2018-07-11,14:15:12,Lunch,BK,"[('Salad', 3), ('Steak', 6)]",321.6,-37.8289044,144.9866979,0,8.439,13.902511210206049
406,ORDK05109,2018-12-15,19:29:34,Dinner,BK,"[('Shrimp', 1), ('Salmon', 5)]",259.0,-37.824583700000005,144.9465944,0,9.615,18.94293582428096
407,ORDJ08215,2018-05-18,12:33:48,Lunch,TP,"[('Steak', 9), ('Salad', 1)]",422.2,-37.8040967,144.9585081,0,9.234,12.342934035064433
408,ORDI04169,2018-01-01,08:00:00,Breakfast,NS,"[('Pancake', 9), ('Eggs', 4), ('Cereal', 8), ('Coffee', 3)]",496.75,-37.8141568,144.9446599,1,9.275,6.763147423636075
409,ORDK05983,2018-04-02,11:02:32,Breakfast,BK,"[('Cereal', 3), ('Eggs', 5), ('Pancake', 5), ('Coffee', 6)]",339.25,-37.813225200000005,144.959461,0,7.941,11.849101027206686
410,ORDI05198,2018-05-01,11:53:14,Breakfast,NS,"[('Coffee', 10), ('Pancake', 2), ('Cereal', 7)]",270.5,-37.80923920000001,144.9503235,0,8.714,12.992786650405742
411,ORDC01241,2018-04-24,11:43:05,Breakfast,NS,"[('Pancake', 5), ('Cereal', 1), ('Eggs', 1), ('Coffee', 3)]",186.75,-37.803041799999995,144.99806,0,8.699,12.978521725355836
412,ORDX02908,2018-06-26,13:44:47,Lunch,BK,"[('Chicken', 7), ('Salad', 10)]",396.0,-37.8249256,144.9847345,0,6.875,12.514077865697299
413,ORDY04731,2018-10-06,17:17:44,Dinner,TP,"[('Salmon', 4), ('Pasta', 5), ('Fish&Chips', 6)]",511.5,-37.8073834,144.9941797,0,10.767000000000001,15.870868999536064
414,ORDC04876,2018-08-31,15:56:37,Lunch,NS,"[('Fries', 6), ('Salad', 6), ('Burger', 6)]",361.2,-37.806757399999995,144.9829273,0,7.683,12.92375148731303
415,ORDC03247,2018-02-08,09:10:59,Breakfast,NS,"[('Coffee', 2), ('Cereal', 4)]",99.0,-37.8233446,144.98147790000002,0,9.129,13.387449576786418
416,ORDC01683,2018-09-19,16:37:10,Dinner,NS,"[('Pasta', 6), ('Fish&Chips', 4), ('Shrimp', 10), ('Salmon', 7)]",1132.0,-37.81955,144.97234939999998,0,9.558,15.618307803888381
417,ORDB05099,2018-08-23,15:46:28,Lunch,TP,"[('Fries', 3), ('Burger', 2), ('Steak', 10)]",548.0,-37.8142705,144.935746,0,10.603,13.35634181527248
418,ORDI07103,2018-05-06,12:03:22,Lunch,NS,"[('Fries', 3), ('Chicken', 7), ('Steak', 6), ('Salad', 9)]",684.8,-37.8041347,144.9833648,0,7.51,14.791050831852132
419,ORDJ02006,2018-03-13,10:21:58,Breakfast,TP,"[('Pancake', 7), ('Coffee', 7), ('Eggs', 2)]",266.25,-37.8239116,144.98174430000003,0,8.787,10.679452631276726
420,ORDK04577,2018-04-28,11:53:14,Breakfast,BK,"[('Eggs', 8), ('Cereal', 8), ('Coffee', 8)]",404.0,-37.8064703,144.9630062,0,7.454,13.801892410742145
421,ORDY09836,2018-01-28,08:50:42,Breakfast,TP,"[('Coffee', 7), ('Pancake', 4), ('Cereal', 8)]",317.5,-37.8098999,144.9358427,0,10.562000000000001,13.05394122524286
422,ORDK02833,2018-06-12,13:14:21,Lunch,BK,"[('Fries', 7), ('Burger', 5)]",239.0,-37.8154174,144.94132199999999,0,9.631,14.960703375586117
423,ORDZ09436,2018-11-28,18:59:09,Dinner,NS,"[('Fish&Chips', 3), ('Pasta', 3), ('Salmon', 10), ('Shrimp', 7)]",975.5,-37.8098557,144.9726327,0,7.314,13.48427501642275
424,ORDZ02705,2018-04-01,10:52:23,Breakfast,NS,"[('Cereal', 9), ('Coffee', 4), ('Eggs', 1)]",241.0,-37.820035299999994,144.9802538,0,9.589,15.856728758431467
425,ORDJ06921,2018-12-12,19:29:34,Dinner,TP,"[('Shrimp', 7), ('Fish&Chips', 5), ('Pasta', 2)]",608.0,-37.8141043,144.96415819999999,0,8.051,12.799801354309322
426,ORDY04261,2018-03-07,10:01:41,Breakfast,TP,"[('Pancake', 7), ('Eggs', 1), ('Cereal', 10), ('Coffee', 2)]",416.75,-37.8130859,144.95195269999996,0,9.019,10.851191568463188
427,ORDX04096,2018-09-03,16:06:45,Dinner,BK,"[('Shrimp', 3), ('Salmon', 3), ('Pasta', 3)]",367.5,-37.8098825,144.9364396,0,10.06,16.952859146327743
428,ORDJ05167,2018-08-28,15:56:37,Lunch,TP,"[('Salad', 1), ('Steak', 4)]",197.2,-37.810854799999994,144.9635092,0,8.452,11.76405537609972
429,ORDX03181,2018-08-22,15:36:20,Lunch,BK,"[('Fries', 7), ('Chicken', 9), ('Steak', 8)]",732.0,-37.8052843,144.9859229,0,5.855,11.608577858408985
430,ORDC03001,2018-05-26,12:43:56,Lunch,NS,"[('Burger', 5), ('Chicken', 7), ('Steak', 8), ('Fries', 4)]",787.0,-37.817852200000004,145.014074,0,11.437000000000001,18.525608209916992
431,ORDI00720,2018-03-22,10:32:06,Breakfast,NS,"[('Eggs', 6), ('Pancake', 9), ('Coffee', 1)]",357.75,-37.8002721,144.955118,0,7.587999999999999,11.921966276659617
432,ORDC07675,2018-03-21,10:32:06,Breakfast,NS,"[('Coffee', 1), ('Pancake', 5), ('Eggs', 6)]",260.75,-37.8150344,144.9605564,0,8.311,12.609535664064989
433,ORDC01480,2018-08-03,15:05:54,Lunch,NS,"[('Salad', 4), ('Fries', 4), ('Burger', 3), ('Chicken', 10)]",529.8,-37.8121368,144.97399240000001,0,7.627999999999999,12.871446762130049
434,ORDI03027,2018-08-25,15:46:28,Lunch,NS,"[('Chicken', 10), ('Burger', 6), ('Steak', 7), ('Salad', 2), ('Fries', 5)]",915.4,-37.818357,144.9690051,0,8.586,15.814321455431912
435,ORDZ01055,2018-02-01,09:00:50,Breakfast,NS,"[('Coffee', 7), ('Eggs', 3)]",118.5,-37.8152876,144.9556252,0,8.603,12.887226205036452
436,ORDY09275,2018-02-05,09:10:59,Breakfast,TP,"[('Eggs', 8), ('Cereal', 7), ('Coffee', 2)]",338.0,-37.8192236,144.9611303,0,7.656000000000001,9.842225312492722
437,ORDA05285,2018-08-30,15:56:37,Lunch,BK,"[('Fries', 2), ('Chicken', 10), ('Steak', 2), ('Burger', 1), ('Salad', 3)]",516.6,-37.8229321,145.0106286,0,4.78,10.654251870335518
438,ORDA03630,2018-02-10,09:10:59,Breakfast,BK,"[('Pancake', 7), ('Cereal', 10)]",379.75,-37.804264399999994,144.97139380000002,0,7.104,13.491181623927528
439,ORDB07099,2018-12-25,19:49:51,Dinner,TP,"[('Pasta', 7), ('Shrimp', 2), ('Fish&Chips', 6)]",510.5,-37.8150624,144.9328467,0,11.099,15.056095667000433
440,ORDB01737,2018-01-24,08:40:33,Breakfast,TP,"[('Pancake', 7), ('Eggs', 5)]",279.75,-37.793098799999996,144.9758122,0,10.917,12.256193735617954
441,ORDJ05564,2018-03-27,10:42:15,Breakfast,TP,"[('Pancake', 2), ('Eggs', 2)]",92.5,-37.8125285,144.9538705,0,8.845,10.722387365573342
442,ORDB02391,2018-02-26,09:51:32,Breakfast,TP,"[('Pancake', 9), ('Eggs', 3), ('Coffee', 2)]",299.25,-37.807228,144.99666169999998,0,11.002,12.319115328983683
443,ORDK01610,2018-01-08,08:10:08,Breakfast,BK,"[('Cereal', 1), ('Pancake', 8)]",215.0,-37.809502200000004,145.00433600000002,1,3.924,4.141514469840029
444,ORDA05960,2018-02-09,09:10:59,Breakfast,BK,"[('Cereal', 2), ('Eggs', 9), ('Pancake', 10)]",482.5,-37.800099100000004,144.96103440000002,0,8.209,12.087016715396164
445,ORDA05568,2018-06-12,13:14:21,Lunch,BK,"[('Salad', 7), ('Burger', 1)]",151.4,-37.8152944,144.94190690000002,0,9.566,14.902999943749117
446,ORDJ00593,2018-03-11,10:11:49,Breakfast,TP,"[('Eggs', 3), ('Cereal', 4)]",150.0,-37.8115093,144.93579580000002,0,10.699000000000002,13.155356028667626
447,ORDB07977,2018-12-29,20:00:00,Dinner,TP,"[('Pasta', 10), ('Fish&Chips', 9), ('Shrimp', 2)]",698.0,-37.8216102,144.9439044,0,9.426,14.878188332436729
448,ORDA06524,2018-06-23,13:44:47,Lunch,BK,"[('Burger', 6), ('Fries', 6), ('Chicken', 5), ('Steak', 10), ('Salad', 7)]",988.4,-37.8189476,144.972777,0,7.444,15.40432808030772
449,ORDX06300,2018-08-21,15:36:20,Lunch,BK,"[('Fries', 4), ('Steak', 4), ('Salad', 8), ('Chicken', 9), ('Burger', 8)]",901.6,-37.8112963,144.94402150000002,0,9.916,15.213710730563735
450,ORDC01803,2018-04-08,11:12:40,Breakfast,NS,"[('Pancake', 4), ('Cereal', 7), ('Eggs', 7)]",398.0,-37.825112100000005,144.9452339,0,10.417,16.644152621186166
451,ORDC06807,2018-06-02,13:04:13,Lunch,NS,"[('Salad', 8), ('Burger', 7), ('Fries', 5)]",414.6,-37.81636760000001,144.9709231,0,8.015,15.271303308532234
452,ORDY04162,2018-10-06,17:07:36,Dinner,TP,"[('Shrimp', 2), ('Pasta', 7), ('Fish&Chips', 4)]",440.5,-37.806050899999995,144.9838667,0,10.04,15.332704312749176
453,ORDX10554,2018-01-24,08:40:33,Breakfast,BK,"[('Eggs', 8), ('Cereal', 4), ('Coffee', 5), ('Pancake', 6)]",443.0,-37.8279836,144.9550019,0,9.841000000000001,13.535816727057467
454,ORDX08961,2018-10-14,17:27:53,Dinner,BK,"[('Salmon', 7), ('Shrimp', 9), ('Pasta', 10)]",1048.0,-37.8187092,144.9639984,0,8.151,17.64327699029067
455,ORDJ06369,2018-12-12,19:29:34,Dinner,TP,"[('Pasta', 8), ('Salmon', 9)]",589.0,-37.8143599,144.9658294,0,8.262,12.955994956664252
456,ORDY06086,2018-11-17,18:38:52,Dinner,TP,"[('Fish&Chips', 9), ('Pasta', 8), ('Shrimp', 5), ('Salmon', 1)]",846.0,-37.817415999999994,144.9877522,0,9.474,14.913720526337375
457,ORDY06277,2018-01-27,08:50:42,Breakfast,TP,"[('Coffee', 2), ('Eggs', 6)]",147.0,-37.809799299999995,144.93596630000002,0,10.545,13.041356906569714
458,ORDY06409,2018-01-14,08:20:16,Breakfast,TP,"[('Coffee', 5), ('Eggs', 7), ('Pancake', 3)]",264.25,-37.8020875,144.94971840000002,1,10.05,6.337465578484644
459,ORDC04762,2018-12-05,19:09:17,Dinner,NS,"[('Shrimp', 6), ('Fish&Chips', 1), ('Salmon', 8), ('Pasta', 1)]",714.5,-37.822363,144.9502368,0,9.802,15.850350584700154
460,ORDX08190,2018-06-08,13:14:21,Lunch,BK,"[('Chicken', 2), ('Fries', 8), ('Steak', 10)]",610.0,-37.803922299999996,144.94932980000002,0,8.821,14.241629840386572
461,ORDA09824,2018-08-24,15:46:28,Lunch,BK,"[('Chicken', 3), ('Steak', 9)]",501.0,-37.815446200000004,144.93564719999998,0,10.134,15.407239163493982
462,ORDC06999,2018-06-27,13:44:47,Lunch,NS,"[('Chicken', 6), ('Salad', 4)]",260.8,-37.807337200000006,144.9474761,0,8.802999999999999,13.988865891039193
463,ORDI08424,2018-03-16,10:21:58,Breakfast,NS,"[('Coffee', 7), ('Cereal', 6), ('Eggs', 5)]",288.5,-37.8129073,145.0130137,0,10.719000000000001,14.89953163207624
464,ORDI10119,2018-03-20,10:32:06,Breakfast,NS,"[('Pancake', 10), ('Cereal', 6), ('Coffee', 6)]",413.5,-37.8121172,144.95922219999997,0,7.991,12.305217263000369
465,ORDX07102,2018-04-22,11:32:57,Breakfast,BK,"[('Eggs', 10), ('Cereal', 5)]",325.0,-37.818784,144.9532152,0,8.812999999999999,15.008338008688044
466,ORDC01490,2018-08-04,15:05:54,Lunch,NS,"[('Fries', 9), ('Chicken', 6), ('Steak', 8), ('Salad', 7), ('Burger', 2)]",842.4,-37.8033474,144.9501441,0,8.372,15.610808524719948
467,ORDY01342,2018-01-30,08:50:42,Breakfast,TP,"[('Eggs', 4), ('Cereal', 5), ('Coffee', 1), ('Pancake', 5)]",321.75,-37.7996411,144.9910159,0,11.231,12.488633504051355
468,ORDB05772,2018-10-09,17:17:44,Dinner,TP,"[('Pasta', 10), ('Fish&Chips', 10)]",625.0,-37.811959,144.951797,0,9.117,13.588912160519534
469,ORDB01829,2018-08-10,15:16:03,Lunch,TP,"[('Fries', 7), ('Salad', 3)]",135.6,-37.8178559,144.952689,0,10.247,13.092811377176012
470,ORDK08062,2018-04-24,11:43:05,Breakfast,BK,"[('Pancake', 9), ('Eggs', 3), ('Cereal', 7)]",431.25,-37.8188326,144.9532351,0,8.807,12.617888288296568
471,ORDZ01630,2018-11-11,18:18:35,Dinner,NS,"[('Salmon', 9), ('Shrimp', 7), ('Pasta', 9)]",994.5,-37.799597,144.9256581,0,10.333,18.387150411581416
472,ORDC02963,2018-12-26,19:49:51,Dinner,NS,"[('Salmon', 8), ('Shrimp', 5), ('Fish&Chips', 1), ('Pasta', 5)]",770.5,-37.8131612,144.9384008,0,9.779,15.828477699623633
473,ORDY03092,2018-01-27,08:50:42,Breakfast,TP,"[('Eggs', 7), ('Pancake', 7), ('Cereal', 6)]",449.75,-37.7990064,144.96316389999998,0,9.924,12.581659147980087
474,ORDA07099,2018-07-30,14:55:46,Lunch,BK,"[('Burger', 4), ('Fries', 5), ('Chicken', 4)]",312.0,-37.8238054,144.9624781,0,8.389,13.858123954946816
475,ORDI11054,2018-12-20,19:39:43,Dinner,NS,"[('Pasta', 1), ('Shrimp', 10), ('Salmon', 7), ('Fish&Chips', 9)]",1169.5,-37.8172239,144.9340654,0,10.293,16.317289131333673
476,ORDC03028,2018-04-05,11:02:32,Breakfast,NS,"[('Cereal', 4), ('Eggs', 10), ('Pancake', 3)]",376.75,-37.8177425,144.95105800000002,0,9.175,13.431195346939457
477,ORDA03400,2018-02-15,09:21:07,Breakfast,BK,"[('Eggs', 2), ('Cereal', 7), ('Coffee', 5), ('Pancake', 6)]",374.0,-37.811006299999995,145.005156,0,3.677,8.063755898699458
478,ORDK07511,2018-04-30,11:53:14,Breakfast,BK,"[('Cereal', 9), ('Coffee', 9)]",256.5,-37.7998744,144.9550581,0,8.497,12.342687305689335
479,ORDK09773,2018-06-16,13:24:30,Lunch,BK,"[('Fries', 6), ('Steak', 2)]",162.0,-37.81846029999999,144.97359640000002,0,7.353,15.323543275735918
480,ORDK07605,2018-07-01,13:54:55,Lunch,BK,"[('Steak', 3), ('Salad', 1), ('Burger', 4)]",276.2,-37.81347720000001,144.9409691,0,9.602,17.320082017296134
481,ORDJ09869,2018-08-31,15:56:37,Lunch,TP,"[('Salad', 5), ('Chicken', 10), ('Fries', 8), ('Steak', 6), ('Burger', 7)]",989.0,-37.8083976,144.96166599999998,0,8.881,12.081624359086755
482,ORDC00391,2018-01-14,08:20:16,Breakfast,NS,"[('Cereal', 3), ('Coffee', 3)]",85.5,-37.799643700000004,144.95499019999997,1,7.504,6.936952088247408
483,ORDZ01098,2018-03-23,10:42:15,Breakfast,NS,"[('Pancake', 9), ('Eggs', 2), ('Cereal', 9), ('Coffee', 10)]",526.25,-37.799476,144.9552516,0,7.472,11.811650856273694
484,ORDA02647,2018-01-06,08:10:08,Breakfast,BK,"[('Coffee', 8), ('Pancake', 3), ('Cereal', 1), ('Eggs', 4)]",241.75,-37.8049127,144.9537365,1,8.351,7.299099885046376
485,ORDB08464,2018-06-13,13:24:30,Lunch,TP,"[('Fries', 10), ('Burger', 8), ('Chicken', 4), ('Salad', 2)]",530.4,-37.811949600000005,145.0119796,0,12.173,14.51854065743949
486,ORDY05243,2018-01-31,09:00:50,Breakfast,TP,"[('Eggs', 3), ('Cereal', 7), ('Coffee', 4)]",243.0,-37.820153000000005,144.9642966,0,7.125,9.44915041746681
487,ORDZ08437,2018-10-31,17:58:18,Dinner,NS,"[('Fish&Chips', 3), ('Pasta', 7), ('Salmon', 2)]",379.5,-37.820259,144.9925829,0,9.671,15.725770239264325
488,ORDK09911,2018-06-13,13:24:30,Lunch,BK,"[('Chicken', 10), ('Steak', 5), ('Burger', 5), ('Fries', 7)]",784.0,-37.8259922,145.0171451,0,5.081,10.92146314699609
489,ORDK10266,2018-04-21,11:32:57,Breakfast,BK,"[('Cereal', 5), ('Pancake', 4), ('Eggs', 2)]",246.0,-37.803748600000006,144.9525746,0,8.485,14.717157614187489
490,ORDC01603,2018-08-18,15:36:20,Lunch,NS,"[('Burger', 10), ('Steak', 9)]",715.0,-37.812955200000005,144.96800580000001,0,7.657,14.930847097341193
491,ORDK04029,2018-02-04,09:00:50,Breakfast,BK,"[('Pancake', 10), ('Cereal', 9)]",431.5,-37.8059306,144.9552821,0,8.129,14.401120356741764
492,ORDA11047,2018-05-30,12:54:05,Lunch,BK,"[('Steak', 9), ('Burger', 8)]",653.0,-37.81749620000001,144.9900733,0,5.665,11.439906288423908
493,ORDZ01403,2018-12-25,19:49:51,Dinner,NS,"[('Shrimp', 3), ('Pasta', 5), ('Fish&Chips', 7)]",544.5,-37.813286100000006,144.9334399,0,8.964,15.053416771912186
494,ORDC09558,2018-01-27,08:50:42,Breakfast,NS,"[('Eggs', 4), ('Cereal', 4), ('Coffee', 5)]",209.5,-37.8105739,144.9503021,0,8.675,14.987519325390654
495,ORDZ08172,2018-05-04,12:03:22,Lunch,NS,"[('Steak', 6), ('Fries', 3), ('Burger', 10), ('Chicken', 7)]",840.0,-37.8066747,144.95834440000002,0,7.754,12.991272132549243
496,ORDJ07738,2018-04-18,11:32:57,Breakfast,TP,"[('Coffee', 5), ('Pancake', 2)]",86.0,-37.813450700000004,144.9740083,0,8.612,10.549908174347282
497,ORDZ08322,2018-07-07,14:15:12,Lunch,NS,"[('Salad', 2), ('Steak', 4), ('Chicken', 7), ('Burger', 3)]",531.4,-37.8103248,144.96829259999998,0,7.295,14.586586906136843
498,ORDB06470,2018-10-28,17:58:18,Dinner,TP,"[('Pasta', 2), ('Salmon', 1), ('Shrimp', 2), ('Fish&Chips', 6)]",414.0,-37.8094551,144.9479647,0,9.649,15.043264983266818
499,ORDC07162,2018-01-06,08:10:08,Breakfast,NS,"[('Pancake', 3), ('Coffee', 4), ('Eggs', 7)]",256.75,-37.809295,145.0017436,1,9.515,7.893177564092638
